project,instruction_coverage,branch_coverage,complexity_missed,complexity_total,lines_missed,lines_total,methods_missed,methods_total
vibur_vibur-object-pool,68.65,55.56,61,120,84,250,27,75
TestSmells_TestSmellDetector,11.91,11.28,508,561,1025,1186,234,268
hantsy_spring-webmvc-jwt-sample,89.74,66.67,18,71,18,159,10,59
yuqi1129_calcite-test,12.08,7.23,14579,15543,23144,26138,2230,3101
bjansen_swagger-schema-validator,91.71,89.29,8,78,16,195,6,64
Mixermachine_base-test,93.3,86.7,27,256,50,492,2,162
in28minutes_spring-unit-testing-with-junit-and-mockito,78.76,100.0,3,27,4,45,3,24
ngageoint_tiff-java,77.84,65.38,250,636,410,1668,95,342
PGSSoft_HttpClientMock,96.39,90.54,24,261,25,531,17,224
codehaus-plexus_plexus-archiver,59.75,58.52,841,1696,1330,3557,437,1026
JeremyTsaii_leetcode-stats-api,42.05,42.5,23,46,69,113,4,26
hkamel_sonar-auth-aad,83.11,65.71,20,80,43,264,1,45
spring-petclinic_spring-framework-petclinic,83.88,72.81,43,222,75,516,19,165
e-gineering_gitflow-helper-maven-plugin,1.98,0.87,284,287,726,742,105,107
darrachequesne_spring-data-jpa-datatables,95.84,93.02,18,170,20,364,7,84
electronic-pig_gkvr_system_backend,1.7,0.0,663,680,312,336,256,273
pitest_pitest-junit5-plugin,81.51,86.84,16,45,21,98,12,26
MikuNyanya_RabbitBot_RE,10.49,2.41,1464,1680,3974,4338,666,875
springframeworkguru_spring5webapp,37.5,0,1,2,2,3,1,2
Project-Books_books-api,5.62,25.49,2132,2240,4501,4750,2052,2138
italia_spid-keycloak-provider,22.78,12.69,446,535,1150,1453,117,179
dhatim_dropwizard-jwt-cookie-authentication,82.97,70.59,25,84,29,193,15,67
davidmoten_word-wrap,99.28,97.14,3,161,3,333,0,91
wcmc-its_ReCiter,0.0,0.0,4545,4545,8788,8788,1620,1620
eh3rrera_graphql-java-spring-boot-example,29.75,5.88,85,114,95,139,51,80
ngageoint_simple-features-geojson-java,74.18,54.28,164,364,214,739,39,193
hapifhir_hapi-fhir-jpaserver-starter,36.3,29.19,494,700,1156,1797,333,525
yifanzheng_spring-security-jwt,0.0,0.0,225,225,557,557,189,189
studerw_td-ameritrade-client,46.84,29.81,1048,1516,2155,3930,886,1303
j-easy_easy-flows,86.87,70.59,12,98,22,202,4,81
forax_beautiful_logger,56.19,37.4,106,199,340,683,53,134
augustd_burp-suite-error-message-checks,0.0,0.0,28,28,83,83,12,12
dampcake_bencode,100.0,100.0,0,102,0,211,0,59
gkcs_Competitive-Programming,6.4,6.71,2638,2795,5953,6379,867,906
usethesource_capsule,32.71,23.26,1909,2440,3204,4720,925,1323
rcaneppele_simple-openai-client,73.02,64.66,160,594,228,1019,91,458
Hakky54_log-captor,84.34,100.0,4,83,9,181,4,68
pivovarit_throwing-function,57.4,0,16,52,62,139,16,52
Shunshun94_discord-bcdicebot,40.05,37.32,389,607,938,1610,182,323
peterchenhdu_tank-battle,0.07,0.14,762,763,1796,1797,397,398
f4b6a3_ulid-creator,98.68,96.15,5,125,8,395,2,86
slack-samples_bolt-java-starter-template,5.51,7.14,67,72,159,172,60,65
outbrain-inc_ci-friendly-flatten-maven-plugin,0.0,0.0,58,58,164,164,30,30
ZHENFENG13_My-Blog,2.27,0.2,590,615,1293,1325,338,363
romankh3_image-comparison,0.0,0.0,193,193,403,403,111,111
spannm_ucanaccess,62.39,62.92,2060,4039,3764,9452,1015,2095
liyupi_sql-father-backend-public,4.05,0.23,1804,1871,1554,1683,716,783
salesforce_grammaticus,81.88,61.14,2212,6120,2372,10461,701,3262
stratospheric-dev_cdk-constructs,0.0,0.0,126,126,741,741,113,113
StefanoPenazzi_chameleonQuant,0.0,0.0,907,907,2702,2702,618,618
bbossgroups_springboot-elasticsearch-webservice,0.0,0.0,929,929,2874,2874,593,593
pnavais_state-machine,93.38,76.42,92,510,0,869,1,317
onewelcome_java-spring-oidc-example,14.9,0.0,189,227,244,311,93,131
nscuro_bradamsa-ng,28.82,12.5,74,99,174,245,52,75
bansh2eBreak_SpringVulnBoot-backend,6.46,0.0,440,488,846,923,210,258
coveooss_spillway,77.79,47.83,110,335,139,704,48,243
hubert-marteau_MultiChainJavaAPI,26.01,10.66,1253,1270,2454,2708,1196,1209
davidmoten_rtree-multi,94.97,90.96,35,468,48,927,11,291
spotify_fmt-maven-plugin,46.44,28.11,119,204,320,570,29,95
cbartosiak_bson-codecs-jsr310,81.99,10.34,77,268,91,638,50,239
albfernandez_juniversalchardet,99.42,66.41,216,613,250,1767,57,286
cartoonYu_LeetCodeSolution,59.56,51.3,1184,2125,1840,4105,314,668
mipo256_properties-maven-plugin,72.47,63.16,46,143,90,328,16,86
MasterFlomaster1_JFXCrypto,0.0,0.0,1480,1480,4554,4554,966,966
leonhad_paradoxdriver,84.29,70.6,1246,3955,1719,8174,632,2475
zapodot_embedded-ldap-junit,88.99,91.07,10,89,25,253,5,61
s3curitybug_similarity-uniform-fuzzy-hash,37.21,29.8,483,624,1033,1752,90,164
mybatis-mapper_provider,67.33,52.27,346,738,369,1261,128,407
MrGraversen_rust-rcon,0.0,0.0,1203,1203,1593,1593,687,687
qoomon_maven-git-versioning-extension,11.21,8.11,487,554,1033,1194,220,270
sttp-book_code-examples,88.01,90.34,53,272,55,399,28,127
albfernandez_itext2,49.53,36.33,13303,19780,30713,56294,3353,6677
nilsreiter_CorefAnnotator,12.91,11.3,4621,5226,11180,13036,3151,3634
hongbeomi_Programmers,95.37,89.96,70,491,55,1101,26,205
ffissore_slf4j-fluent,78.91,71.43,22,93,31,160,12,65
houbb_junitperf,0.0,0.0,235,235,536,536,168,168
john182_CalculoTributario,63.93,21.81,353,737,644,1690,242,618
ngageoint_geopackage-core-java,8.07,5.36,6415,6736,14226,15363,4192,4424
callicoder_java-snowflake,51.97,50.0,9,18,22,51,3,9
sashirestela_simple-openai,95.1,76.17,68,600,57,1770,24,501
anastaciocintra_escpos-coffee,17.43,3.57,220,244,830,966,136,160
javagl_Obj,63.74,58.95,328,738,582,1740,140,383
ericmedvet_2dhmsr,3.36,5.9,1810,1884,4735,4902,1084,1123
davidmoten_rxjava2-http,96.1,80.52,34,237,36,709,6,160
jonatan-kazmierczak_class-visualizer,1.84,1.24,688,700,2122,2159,326,337
ImSejin_lezhin-comics-downloader,62.6,53.52,153,346,381,1058,57,198
making_vanilla-spring-webflux-fn-blank,64.13,0,5,21,17,46,5,21
TheFedelino01_ing-sw-2023-saccani-spangaro-sanvito-pedersoli,81.6,81.31,263,900,468,1869,128,442
erikssommer_web-programming-spring,20.39,24.9,455,557,995,1233,348,429
rxp90_jsymspell,90.36,81.37,53,213,25,384,5,60
osslabz_evm-abi-decoder,51.39,43.18,140,272,204,504,53,138
AtomGraph_Processor,31.93,35.81,678,830,888,1488,445,541
jd-opensource_bftsmart,9.39,6.04,3436,3711,9779,10935,1513,1744
subshell_o-neko,0.0,0.0,4198,4198,4637,4637,2634,2634
cojen_Maker,97.98,92.31,266,2878,135,6451,23,1154
scijava_parsington,83.19,69.7,286,813,172,1051,36,321
jhipster_jhipster-sample-app-microservice,16.47,16.82,229,281,481,579,134,171
spring-petclinic_spring-petclinic-reactjs,87.96,67.23,126,535,192,1495,26,358
systelab_seed-springboot,35.56,8.52,574,858,295,678,181,453
oswaldobapvicjr_junit-utils,99.88,94.78,7,195,0,364,0,128
GoogleCloudPlatform_healthcare-api-dicom-fuse,46.5,32.18,348,578,911,1806,142,331
ASSERT-KTH_spork,88.55,76.25,274,890,184,1831,75,410
EeeMt_phone-number-geo,81.69,65.91,58,160,15,357,12,72
oddfar_coze-discord,0.0,0.0,440,440,424,424,213,213
fsantiag_sonar-clojure,94.35,72.22,41,234,31,658,6,170
masecla22_Reddit4J,0.0,0.0,1776,1776,1805,1805,1145,1145
springframeworkguru_springbootwebapp,66.05,0,15,36,24,73,15,36
linux-china_h2-functions-4-mysql,80.31,54.76,50,129,70,272,21,87
rabobank_shadow-tool,86.69,69.23,13,55,20,122,6,42
stickfigure_hattery,43.7,27.4,261,408,295,583,117,231
moacirrf_netbeans-markdown,25.15,18.15,828,975,2285,2894,361,475
miledrousset_Opentheso,0.0,0.0,26542,26542,45080,45080,9839,9839
welk1n_JNDI-Injection-Exploit,0.0,0.0,108,108,444,444,60,60
d2iq-archive_marathon-client,19.6,35.42,745,872,1089,1296,706,824
mwilliamson_java-mammoth,97.47,92.34,85,1255,80,3490,51,992
cameronmcnz_rock-paper-scissors,34.66,15.0,24,39,72,103,15,29
0x61nas_alquran-cloud-api,0.0,0.0,158,158,363,363,118,118
wildfirechat_app-server,7.3,0.82,824,899,2279,2458,455,530
botorabi_HomieCenter,88.4,83.64,73,430,112,1036,35,291
se2p_LitterBox,73.57,55.03,5908,14931,8678,31432,2377,9235
zowe_zowe-client-java-sdk,40.73,36.31,1550,2363,2790,4999,904,1552
Hack23_sonar-cloudformation-plugin,0,0,0,0,0,0,0,0
bhlangonijr_chesslib,84.9,69.71,437,1241,637,2926,170,604
redouane59_twittered,32.05,26.23,460,749,1151,1712,239,505
imadcn_idworker,81.99,60.0,83,274,138,633,28,191
andylamp_BPlusTree,56.3,58.52,318,670,737,1807,95,284
hehao98_MigrationHelper,15.7,19.13,1992,2333,5116,6004,1016,1193
guohai163_java-sql-web,1.83,0.0,851,877,1109,1157,393,419
ofpay_logback-mdc-ttl,0.0,0.0,40,40,77,77,29,29
nikoo28_java-solutions,56.34,57.92,1196,2587,2665,5961,413,915
TopQuadrant_shacl,42.85,33.68,2255,3339,4320,7546,1013,1678
BastiaanJansen_otp-java,91.98,92.86,9,78,15,194,7,64
johnlpage_POCDriver,6.35,11.08,208,235,828,920,42,50
vilasvarghese_docker-k8s,0.0,0.0,3,3,9,9,2,2
oswaldobapvicjr_performetrics,100.0,99.43,1,440,0,919,0,352
ele-admin_EasyCaptcha,0.0,0.0,343,343,1116,1116,158,158
reschke_structured-fields,93.04,94.39,47,411,41,785,23,197
kifj_wildfly-logstash,61.64,50.96,50,100,115,301,12,47
omnifaces_omniutils,29.15,30.83,551,778,887,1282,294,430
Pradyuman7_Algorithmics,85.48,82.05,22,121,35,233,4,43
bonarc712_commonjong,90.44,87.33,207,1152,243,2114,91,578
admin-ch_CovidCertificate-Management-Service,76.17,67.43,403,1342,884,4000,183,841
jetlinks_reactor-ql,91.05,78.84,276,1428,170,2575,62,879
r2dbc_r2dbc-h2,80.72,73.82,149,615,178,1110,66,414
jbgust_jsrm,97.78,88.5,48,575,48,1769,11,401
supaldubey_blog-server,28.97,16.79,531,608,1103,1489,466,538
Bindambc_whatsapp-business-java-api,90.13,72.22,100,643,158,1267,78,598
coralblocks_CoralPool,57.28,48.21,80,186,152,429,32,102
jcustenborder_kafka-connect-transform-common,82.29,63.0,199,589,310,1719,65,364
blueconic_browscap-java,97.05,92.86,17,193,14,454,3,95
vanilladb_vanillacore,62.2,56.64,2061,4181,3609,9554,896,2137
cvarier_2D-Elliptic-Mesh-Generator,0.0,0.0,211,211,949,949,37,37
raphaelDL_spring-webflux-security-jwt,37.45,0.0,36,51,94,147,35,50
TechnionYP5779_team4,61.51,58.84,1030,2351,1406,3469,669,1616
makbn_java_leaflet,0.0,0.0,495,495,689,689,369,369
gliwka_hyperscan-java,83.74,68.85,60,187,56,431,12,90
jssaggu_springboot-tutorial,31.6,0.0,41,61,110,160,32,52
titinko_utsu,0.16,0.0,4506,4511,13188,13200,2269,2274
limeng32_mybatis.flying,83.36,76.54,307,969,403,2343,95,393
Sayi_swagger-diff,93.55,81.03,88,411,61,927,16,216
BjoernKW_Schematic,13.08,0.0,40,48,95,114,36,44
ZapBlasterson_crushpaper,18.18,22.84,2075,2544,5698,7134,770,990
Gikkman_Java-Twirk,74.07,66.19,180,525,300,1207,95,342
FusionAuth_fusionauth-jwt,71.77,58.91,356,851,392,1743,114,478
dpaukov_combinatoricslib3,99.68,96.62,7,173,2,394,2,99
Cryptonomica_cryptonomica,0.16,0.0,2378,2382,6741,6752,1816,1820
vorburger_ch.vorburger.fswatch,74.52,70.31,24,74,42,194,6,42
MisterChangRay_magic-byte,88.87,80.21,210,976,220,1904,70,532
fridujo_rabbitmq-mock,95.52,88.83,53,556,45,1082,31,453
dhatim_business-hours-java,99.52,98.17,3,146,2,372,1,91
pvto_konte-art,19.1,18.04,4521,5348,11540,14593,1813,2325
apache_pdfbox-jbig2,54.06,31.46,1229,1726,2453,4089,344,598
leileiluoluo_boyouquan-api,15.38,7.92,649,752,1827,2130,294,392
tminglei_form-binder-java,80.4,73.11,107,540,212,1050,33,328
tarantool_cartridge-java,45.02,35.86,1570,2713,2949,5709,1026,2001
geographiclib_geographiclib-java,91.71,80.39,112,378,107,988,36,120
web-servers_tomcat-vault,4.8,0.87,417,424,1227,1287,185,191
trung_InMemoryJavaCompiler,89.14,90.91,6,34,10,86,4,23
MarkShen1992_Mashibing_High_Concurrency,0.18,0.0,1732,1735,5349,5357,1262,1265
PhantomThief_simple-pool,92.68,80.56,17,91,19,231,3,55
poiu-de_apron,72.54,74.58,217,585,333,1241,93,256
Dddddduo_BalloonWords,0.0,0.0,898,898,850,850,451,451
Sergix_JTerm,0.0,0.0,540,540,1380,1380,254,254
jzheng2017_spotify-web-api-wrapper,87.39,83.67,104,313,202,1635,88,264
pkpk1234_learn-reactor,0.0,0.0,550,550,1554,1554,499,499
soujava_pom-editor-maven-plugin,61.04,34.88,49,123,104,305,18,80
jTendermint_jabci,2.68,1.8,6827,6949,14591,15021,3723,3834
trebol-ecommerce_trebol-backend-monolith,82.55,72.13,271,980,436,2885,103,584
filelize_filelize-java,76.2,75.47,17,93,70,279,8,66
patrickfav_uber-adb-tools,78.28,59.11,212,424,164,930,10,104
vadimv_server-components,58.68,56.6,473,951,749,1895,313,678
thomasmueller_minperf,58.49,40.34,648,994,2053,3383,257,412
wechatpay-apiv3_CertificateDownloader,3.69,0.0,134,136,102,110,60,62
kaiso_relmongo,80.2,70.83,112,338,144,774,21,146
mvallim_java-fluent-validator,99.72,95.1,7,789,4,1108,3,738
pac4j_dropwizard-pac4j,68.98,72.92,69,139,104,287,56,115
tonikolaba_BatBat-Game,17.01,7.37,754,836,1872,2293,235,309
tkutcher_jgrade,57.31,59.44,90,205,180,476,33,115
BrunoEberhard_minimal-j,25.42,27.92,5330,6832,10774,14438,2681,3485
rpgleparser_rpgleparser,46.41,29.13,14484,18422,20872,34345,7597,10211
Cinimex_mq-java-exporter,44.06,15.96,336,470,882,1411,114,215
stevespringett_CPE-Parser,98.24,92.28,58,445,20,894,11,133
apache_tomcat-jakartaee-migration,79.31,60.0,94,232,139,643,12,92
spring-projects_spring-session-data-mongodb,92.83,74.75,29,170,30,372,7,120
whiteclarkegroup_liquibase-linter,93.14,82.91,78,515,51,786,11,298
sethm_symon,62.84,55.01,730,1356,1857,3239,328,555
kanjielu_jeeves,4.38,8.91,886,942,1912,2023,767,813
spotify_async-google-pubsub-client,79.81,60.67,132,408,180,904,77,319
PhantomThief_scope,86.27,80.77,29,163,50,334,17,124
pig-mesh_oss-spring-boot-starter,38.84,16.67,22,37,60,96,19,34
nothingax_micro-DB,75.33,61.05,337,879,546,2210,91,442
skjolber_mockito-soap-cxf,78.39,60.16,63,167,69,357,20,103
davidmoten_sparse-hilbert-index,100.0,100.0,0,236,0,548,0,180
r2dbc_r2dbc-proxy,93.05,89.61,196,849,221,1959,154,642
elasticfence_elasticsearch-http-user-auth,12.82,13.02,293,333,731,844,99,117
zwaldeck_mollie,46.05,44.44,162,497,857,1508,146,470
arachan_JasperReportsBoot,13.64,0,2,4,11,13,2,4
rudikershaw_git-build-hook,15.21,18.42,32,40,115,138,15,21
mecotrade_kidtracker,12.92,3.22,1553,1722,1467,1827,764,920
vaadin_bookstore-example,18.78,9.46,190,224,552,643,121,150
viritin_flow-viritin,3.53,4.25,2743,2802,6044,6255,2099,2143
phip1611_docx4j-search-and-replace-util,97.27,92.31,4,41,5,133,2,28
wdrammeh_utg-student-dashboard,0.03,0.0,2618,2621,8966,8969,1479,1482
davidmoten_bplustree,94.2,82.71,38,381,62,955,9,274
phxql_snowflake-id,87.85,96.67,10,52,11,100,9,36
jchambers_java-otp,90.56,100.0,1,26,8,64,1,23
AdamBien_jwtenizr,88.15,42.86,15,56,20,205,2,42
jboz_plantuml-builder,87.32,80.43,67,336,69,589,35,244
open-dis_open-dis-java,22.83,7.26,9607,11126,23623,29677,5027,6331
FHIR_Ucum-java,71.49,67.93,298,744,371,1421,93,284
ebx_ebx-linkedin-sdk,20.49,12.75,1446,1872,1938,2692,853,1233
Gubancs_leaflet4vaadin,0.0,0.0,1055,1055,2118,2118,1001,1001
PhantomThief_retrieve-id-utils,48.49,43.75,80,124,124,252,49,76
camunda-community-hub_zeebe-http-worker,90.5,65.48,31,117,25,246,6,75
stevespringett_cvss-calculator,97.59,85.32,54,376,39,789,6,192
gasparbarancelli_spring-native-query,0.43,0.0,252,256,601,605,135,139
rayokota_hdocdb,60.66,56.06,1065,2130,1629,4367,491,1143
Tumo-Team_tumo-boot,0.0,0.0,1278,1278,1098,1098,639,639
Luncher91_A2LParser,71.4,67.7,3179,7024,5315,15461,2239,5077
CYS4srl_SensitiveDiscoverer,64.01,44.44,277,553,673,1988,167,376
MoshiCoCo_Apple-Monitor,0.0,0.0,64,64,222,222,36,36
dhaneeshtb_scaleguard,4.74,4.1,1963,2078,5228,5523,1281,1379
afrunt_jach,60.34,49.15,368,778,499,1217,250,602
SpringBootCourses_tasklist,29.68,12.33,200,285,450,604,167,248
ikkisoft_SerialKiller,89.52,85.0,5,27,4,59,2,17
arxila_atomichash,94.89,84.74,59,383,58,819,6,170
package-url_packageurl-java,90.3,82.02,54,232,36,387,8,97
wxynihao_book118-downloader,89.95,65.0,9,26,23,111,3,16
openinx_minibase,82.47,67.58,98,314,84,749,14,167
DuPAL-PAL-DUmper_DuPAL_Analyzer,18.73,30.98,426,491,696,891,314,363
springframeworkguru_spring5-recipe-app,37.5,0,1,2,2,3,1,2
artemnefedov_JavaAI,0.0,0.0,93,93,273,273,85,85
victorrentea_spring-modulith,26.94,3.37,214,286,204,326,126,197
devslm_proguard-spring-boot-example,41.52,0.0,39,63,5,44,15,39
hhy50_reflect-linker,77.09,66.3,380,1052,464,2070,146,592
gitchennan_elasticsearch-analysis-lc-pinyin,0.0,0.0,219,219,485,485,106,106
awslabs_kinesis-kafka-connector,0.0,0.0,141,141,427,427,50,50
dropwizard_dropwizard-web,43.0,37.5,76,111,102,190,51,79
axel3rd_mpg-coach-bot,91.76,83.95,103,703,85,1406,10,389
analysys_presto-hbase-connector,1.56,1.49,592,604,1559,1588,320,329
octavian-h_time-series-math,90.94,85.51,113,631,64,1512,35,241
NarimanN2_ParsiAnalyzer,0.0,0.0,53,53,130,130,37,37
kokuwaio_micronaut-openapi-codegen,93.21,79.9,80,266,28,628,4,66
victorrentea_clean-code-java,0.0,0.0,811,811,1405,1405,603,603
tballison_commoncrawl-fetcher-lite,13.37,10.94,283,319,834,977,130,156
neilswainston_FragGenie,77.35,60.53,68,162,113,460,10,48
Pyknic_CodeGen,35.04,21.34,717,1061,1449,2299,462,772
ArtyomPanfutov_loan-amortization-calculator,0.0,0.0,184,184,382,382,117,117
viadee_javaAnchorExplainer,41.3,36.3,313,453,641,1059,138,223
numaproj_numaflow-java,25.85,13.66,8556,10357,17235,23521,4287,5939
Meituan-Dianping_lyrebird-java-client,0.0,0.0,168,168,300,300,137,137
majusko_grpc-jwt-spring-boot-starter,100.0,93.75,2,93,0,195,0,77
bertique_SonosOneDriveServer,9.3,7.14,1024,1063,1695,1862,891,930
lior-k_fast-elasticsearch-vector-scoring,75.51,57.14,16,40,23,89,6,26
jonashackt_spring-reactive-redis-messaging,0.0,0.0,38,38,48,48,27,27
cqfn_rio,66.34,58.93,74,179,156,472,37,123
thjomnx_java-systemd,37.26,61.76,1033,1397,1261,2081,970,1267
s1ck_gdl,80.1,61.49,303,790,367,1724,146,517
ZimoLoveShuang_wisedu-unified-login-api,0.67,0.0,390,397,1925,1942,153,160
BarcodeAPI_server,69.03,53.14,183,480,575,1628,78,304
eBay_bsonpatch,86.81,83.19,62,303,62,656,13,116
palatable_shoki,97.66,88.02,68,712,25,911,22,520
horrorho_LiquidDonkey,7.54,3.19,6778,7091,15397,16459,3816,4078
AuthMe_ConfigMe,99.34,97.78,12,811,10,1549,0,541
fraktalio_courier-demo,41.23,42.86,135,213,311,500,124,199
FlowingCode_XTermConsoleAddon,38.79,18.75,130,177,234,388,77,121
webperside_course-erp-backend,1.81,0.45,1514,1532,915,942,957,973
jashaj_spring-boot-thymeleaf-fragments,96.38,87.5,3,36,2,66,2,32
octomix_josson,76.68,63.33,1146,2815,1134,4728,181,895
oxctl_spring-security-lti13,54.12,42.68,209,321,392,856,110,198
fekaputra_shacl-plugin,27.61,23.7,154,199,392,537,92,130
ASSERT-KTH_deptrim,44.54,50.0,51,98,202,378,28,59
ttulka_ddd-example-ecommerce,64.87,41.14,511,958,65,888,87,467
jenshadlich_S3-Performance-Test,8.88,7.69,136,152,516,562,85,97
sef-global_scholarx-backend-v1,51.87,38.41,262,509,689,1448,154,368
mstahv_spring-boot-spatial-example,0.0,0.0,55,55,162,162,45,45
gushakov_trip-flow,4.09,1.47,844,889,992,1047,505,550
spotify_annoy-java,80.96,71.25,24,73,39,190,7,33
krpors_gimlet,9.56,15.44,1080,1230,3431,3830,774,881
vert-x3_vertx-maven-starter,100.0,0,0,3,0,5,0,3
coralblocks_CoralQueue,37.12,31.99,510,793,1115,1862,246,432
junichi11_netbeans-color-codes-preview,48.99,40.51,450,709,1051,1856,296,456
dikhan_pagerduty-client,65.33,27.78,170,355,201,599,43,210
jano7_executor,93.75,91.67,6,51,8,142,3,33
davidmoten_aws-lightweight-client-java,99.76,99.23,5,599,5,1491,1,335
htmfilho_digger,26.1,33.65,289,436,803,1126,218,332
oktadev_auth0-spring-boot-angular-crud-example,36.15,2.78,70,91,114,163,52,73
dropwizard_dropwizard-redis,64.37,60.0,124,341,202,676,105,313
OnlineCodex_OnlineCodex,0.05,0.04,8464,8476,38349,38382,3686,3697
logic-ng_LogicNG,93.93,87.29,1287,8024,709,17281,145,2974
lukehutch_pikaparser,65.78,58.6,286,633,542,1505,52,187
MyCATApache_Mycat-NIO,5.14,2.39,1704,1781,3405,3614,699,757
cryptomator_integrations-api,28.39,45.45,76,105,142,183,62,83
MetaGLM_zhipuai-sdk-java-v4,0.0,0.0,7006,7006,5307,5307,3528,3528
Natural-Intelligence_openLineage-openMetadata-transporter,6.5,8.62,160,175,395,437,103,117
bearhsu2_ithelp2021,46.77,25.94,158,278,40,279,74,171
noorq_casser,13.36,10.75,1529,1749,3233,3787,914,1096
Homyakin_ZakupkiParser,1.02,1.22,9851,9903,16149,16263,9232,9281
extrawest_Charge-Point-Simulator-via-OCPP-2.0.1,0.29,0.4,1159,1161,1135,1138,785,786
rweather_noise-java,31.32,54.07,485,950,2264,4452,114,343
burtcorp_athena-jdbc,82.73,87.84,231,985,339,1650,182,723
javamultiplex_clean-code-java,0.0,0.0,711,711,1367,1367,644,644
cardpay_java-sdk-v3,1.78,0.24,10257,10332,9485,9830,4576,4640
jingpeicomp_id-generator,79.86,56.91,181,404,247,1188,16,158
JavaVisRec_visrec-ri,0.0,0.0,117,117,338,338,88,88
jssaggu_camel-tutorial,0.0,0.0,208,208,903,903,181,181
Coreoz_Windmill,70.66,51.14,144,382,67,515,63,250
52North_jackson-datatype-jts,29.36,12.5,107,132,239,333,54,77
Nylle_JavaFixture,94.46,87.63,61,560,55,994,9,316
netopyr_wurmloch-crdt,63.0,48.85,165,422,346,853,89,291
berndruecker_camunda-7-springboot-amqp-microservice-cloud-example,45.61,10.0,49,84,90,157,44,79
jcustenborder_kafka-connect-twitter,69.08,29.55,68,96,190,605,29,52
freva_ascii-table,97.03,95.42,19,173,17,306,12,95
xdev-software_xapi,6.95,3.98,18676,19340,38511,40318,10144,10551
imohsenb_ISO8583-Message-Client-java,42.89,25.71,269,351,603,936,147,202
PhantomThief_zknotify-cache,79.8,58.82,36,93,59,259,12,59
wmixvideo_sped,84.12,39.13,192,914,368,2424,177,891
rsharifnasab_sbu_compiler,60.72,40.06,349,587,755,1669,39,123
sysco-middleware_kafka-client-collector,75.38,63.16,15,35,20,82,6,16
nlpub_watset-java,56.34,56.09,175,428,463,1119,93,285
syqu22_spring-boot-shop-sample,0.0,0.0,212,212,351,351,137,137
myui_btree4j,31.63,23.85,1324,1773,2688,4276,496,787
SnuK87_keycloak-kafka,74.57,46.67,20,35,50,151,11,20
expr4j_expr4j,76.1,66.56,98,237,104,547,13,79
davidmoten_reels,90.84,85.46,98,668,108,1298,48,441
OpenAPITools_jackson-databind-nullable,73.11,77.42,31,91,31,120,22,60
Chang-LeHung_SPL,0.0,0.0,2933,2933,7052,7052,1496,1496
morihofi_acmeserver,0.0,0.0,1872,1872,5178,5178,1275,1275
EntrevistadorInteligente_si-orchestrator,44.71,12.28,700,1184,790,1413,544,1017
ngageoint_simple-features-wkb-java,53.66,64.71,124,251,235,560,70,126
jzheng2017_resultset-mapper,97.21,83.33,13,94,3,215,1,58
camunda-community-hub_zeebe-worker-java-testutils,76.66,55.0,56,137,74,276,39,115
PhantomThief_buffer-trigger,88.08,81.25,55,249,70,561,26,169
spring-cloud-services-samples_cook,72.73,0,4,14,8,29,4,14
jckleiner_notion-backup,8.29,2.94,163,173,365,405,80,88
in28minutes_JUnitIn28Minutes,49.48,81.25,40,62,77,134,37,54
in28minutes_azure-devops-kubernetes-terraform-pipeline,36.09,25.0,17,29,32,58,15,27
spotify_futures-extra,94.27,94.29,18,176,22,363,14,141
batuhaniskr_product-system,20.65,31.82,95,132,200,273,86,121
j-easy_easy-states,91.44,78.33,23,88,18,178,10,58
joaopsilva_binance-java-api,22.03,12.5,422,576,944,1248,404,556
ezasm-org_ezasm,16.11,19.68,1115,1340,2984,3497,601,750
ullenius_spctag,67.81,58.32,163,457,251,931,39,218
cncq-kycb_Springboot-TaoCheNet,0.15,0.13,3787,3799,7618,7632,3408,3420
Coreoz_Wisp,80.3,86.21,57,195,75,455,44,137
loyispa_jgc_exporter,81.96,54.63,195,466,345,1868,54,255
javaparser_javaparser-visited,1.2,0.0,98,100,292,296,89,91
brenoepics_at4j,86.77,67.65,105,393,127,919,48,289
azam_ulidj,100.0,100.0,0,91,0,281,0,48
janlely_jparser,26.95,17.98,628,854,713,1096,418,609
AxonIQ_giftcard-demo,39.84,75.0,45,69,83,132,44,65
murfffi_zebra4j,87.04,60.99,145,495,70,731,36,312
Simplix-Softworks_SimplixStorage,22.2,19.55,812,1005,1386,1903,269,413
dropwizard_dropwizard-kafka,67.32,41.96,186,367,270,757,143,311
multiversx_mx-sdk-java,62.22,47.7,248,472,461,1143,144,323
appnexus_ElasticNet4j,38.86,47.81,146,242,481,756,77,128
SavioAndres_BrasilAPI-Java,0.0,0.0,956,956,1318,1318,604,604
forax_exotic,81.79,81.36,62,296,174,906,28,173
alvelchev_spring-practices-demo,81.59,78.26,37,165,79,392,24,130
Glusk_srp6-variables,100.0,95.0,2,70,0,216,0,50
codelibs_ranklib,35.45,26.38,1475,2114,3394,5405,479,882
djmeier-wisc_transit-delay-service,11.22,5.41,1488,1611,1403,1630,747,856
Manevolent_ffmpeg4j,55.35,46.49,329,596,701,1735,122,314
meteoinfo_wContour,0.77,0.43,2004,2014,6149,6196,167,174
verilylifesciences_genomewarp,62.97,53.78,586,1096,1178,3131,191,423
k33ptoo_KControls,0.0,0.0,158,158,452,452,102,102
ProgrammerZamanNow_belajar-jenkins-pipeline,50.47,11.29,110,246,39,224,55,184
aws-cloudformation_cloudformation-resource-schema,98.58,90.22,9,128,3,310,0,82
qrpcode_fuck-midjourney,1.12,0.0,644,662,726,746,286,304
aws-samples_msk-config-providers,55.41,42.55,63,94,92,202,24,47
code4wt_JSONParser,81.14,61.29,87,205,63,412,12,68
WeBankPartners_wecube-plugins-alicloud,2.14,0.11,2749,2836,7877,8097,2283,2370
iwamih31_AccountBook,0.27,0.0,545,554,1606,1615,303,312
GuillaumeFalourd_java-training-api,6.77,0.0,25,28,41,44,17,20
HypothesisWorks_hypothesis-java,73.3,65.3,86,238,121,508,18,102
Laffini_Java-Matching-Engine-Core,93.43,82.76,24,86,25,213,14,57
jonashackt_spring-boot-rest-clientcertificate,86.84,0,1,7,2,14,1,7
hzpz_mongeez-spring-boot-starter,75.62,68.75,13,45,19,80,5,29
l3r8yJ_oop-cop,84.67,71.74,13,109,44,271,3,86
purvesh62_expense-manager,3.77,2.24,458,474,1490,1532,326,340
gurkanucar_spring-boot-webrtc-peer2peer,18.93,0.0,14,22,56,75,10,18
doubleDimple_mfa-start,2.83,0.14,769,797,1434,1496,399,427
gherynos_secrete,44.61,27.42,53,98,227,420,25,67
tzaeschke_phtree,34.29,29.44,5546,8070,12865,19954,2184,3561
perfect199399_MES_Production,2.75,0.0,2348,2460,4125,4258,2179,2291
sofieneBK_Hands-on-ci-cd-for-springboot-apps,100.0,100.0,0,9,0,26,0,7
mateusf-prog_PROJECT-commerce-management-system,5.29,0.94,719,757,647,729,349,386
monodot_hello-java-spring-boot,40.0,0,2,4,3,5,2,4
ath31st_s21_decimal_starter,0.0,0.0,195,195,873,873,104,104
BuntyRaghani_spring-boot-hello-world,61.54,0,1,4,2,5,1,4
patriques82_alphavantage4j,87.25,23.08,139,797,292,2033,115,771
tahmid-saj_fin-predict,0.0,0.0,110,110,333,333,101,101
HamdiBouallegue_helloSign-integration,13.98,0.0,7,10,22,26,4,7
xabgesagtx_telegram-spring-boot-starter,13.74,2.63,101,114,55,82,45,57
759502416_KafkaMonitor,1.23,0.0,91,95,277,281,71,75
bkatwal_elasticsearch-score-normalizer,42.37,51.52,60,91,159,246,38,58
getarrays_fileuploadanddownload,57.3,0.0,5,9,19,31,3,7
bonigarcia_webdrivermanager-examples,0.0,0,2,2,7,7,2,2
SelimHorri_upload-download-files-over-http,48.08,0.0,17,24,54,73,16,23
rajeshsgr_springboot-example-svc,37.5,0,1,2,2,3,1,2
alkemyTech_OT275-server,77.44,58.57,416,1535,507,2354,283,1325
OkaeriPoland_okaeri-pluralize,26.56,4.59,368,380,30,191,145,151
miliariadnane_herb-classifier-api,0.0,0.0,92,92,165,165,62,62
davidmoten_hilbert-curve,95.66,88.83,27,187,20,439,6,84
acenelio_aula-camadas,15.65,0.0,35,43,83,96,34,42
andrewkkchan_client-ledger-core-db,90.59,93.1,21,188,43,480,18,159
Wilson-Pedro_Servico-de-viagem-API,29.3,6.9,469,598,650,955,297,424
VivoKey_NFCSnoopDecoder,0.0,0.0,18,18,99,99,9,9
ivanjakimovski_spring-boot-pdf-generator,12.24,0,3,6,25,30,3,6
wttech_AEM-Rules-for-SonarQube,95.73,82.45,165,895,110,1717,41,512
scordio_spring-batch-notion,96.47,60.87,11,137,8,258,3,125
AndrewProgramming_JavaTutorialCode,0.01,0.0,1862,1863,5276,5277,1302,1303
victorrentea_performance-profiling,0.0,0.0,116,116,291,291,85,85
arieslab_jnose-core,53.17,36.15,495,733,709,1574,157,312
Chickenwingcandy_cookbookJava,0.0,0,16,16,29,29,16,16
nuriofernandez_ReflectedEventHandler,0.0,0.0,85,85,130,130,59,59
leanstacks_skeleton-ws-spring-boot,56.96,18.75,80,186,192,477,58,162
GabrielPivoto_my-catalog,27.77,3.3,311,417,121,243,135,235
SelimHorri_location-web-reserv,5.23,0.0,35,41,79,85,34,40
trekawek_toxiproxy-java,0.0,0.0,146,146,341,341,134,134
sidd-harth_kubernetes-devops-security,40.91,100.0,2,8,7,18,2,7
daniel-pereira-guimaraes_spring-security6-jwt,32.9,11.54,101,139,178,262,88,126
AtomGraph_JSON2RDF,67.43,78.12,10,32,23,61,5,12
As-12_Spring-boot-example-Send-Email-Template,53.7,50.0,19,37,54,113,17,35
LiLittleCat_ChatGPT,0.0,0.0,322,322,410,410,173,173
projectdiscovery_nuclei-burp-plugin,12.59,11.03,701,786,1704,1939,475,544
Akillot_MultiCLIA,12.94,3.85,563,607,2970,3061,209,235
steve-community_ocpp-jaxb,0.11,0.05,10121,10133,15309,15343,5420,5431
AnyListen_elasticsearch-analysis-hanlp,0.0,0.0,311,311,773,773,121,121
mvallim_emv-qrcode,99.42,98.6,14,645,18,2644,9,466
sonar-auth-oidc_sonar-auth-oidc,93.21,79.76,17,103,21,277,2,59
huiwang_cracking-the-coding-interview,96.08,88.67,79,584,23,1102,5,252
mautini_pickaxe,0.0,0.0,56,56,122,122,45,45
swami-mahesh_Media-Organizer,2.51,0.0,229,236,519,527,154,161
nidorx_jtrade,0.11,0.0,684,685,1497,1498,490,491
liyupi_yu-auto-reply,8.56,1.04,906,1000,267,382,380,473
praveensirvi1212_DevSecOps-project,30.0,0,2,3,3,4,2,3
vavr-io_vavr-jackson,93.95,89.51,45,410,34,828,2,185
vivekragunathan_JINQ,54.25,34.38,192,287,256,517,115,191
shekhargulati_30-seconds-of-java,86.97,77.59,36,196,47,276,19,138
TiBeN_ia-rcade,30.72,32.2,350,494,1106,1459,188,272
TechPrimers_jenkins-example,100.0,100.0,0,5,0,5,0,2
jpomykala_spring-higher-order-components,0,0,0,0,0,0,0,0
filip26_iridium-cbor-ld,75.79,60.44,440,1002,467,1975,130,490
SongJian-99_dj-uav,0.22,0.0,323,326,917,920,219,222
tchudyk_pocket-integration,29.42,6.84,216,285,305,479,126,190
matthiaszimmermann_ethereum-paper-wallet,77.72,62.07,58,163,111,493,17,105
gui66497_zzdj_dhcp,2.23,0.0,65,68,158,163,32,35
neutrino25_bd_travel_springboot,3.7,0.0,330,352,845,875,245,267
Gyunstorys_nlp-api,53.04,36.11,30,52,88,184,13,34
songgeb_BDIndexSpider,0.0,0.0,467,467,1734,1734,250,250
rahul-ghadge_spring-boot-kafka,60.24,0,21,36,45,96,21,36
yanjunli_eos-crypto-java,65.56,40.43,403,622,784,1858,166,318
kspalaiologos_kamilalisp,38.22,20.88,7061,9005,13593,18778,3280,4691
InseeFr_Keycloak-FranceConnect,66.89,54.31,77,150,169,458,37,92
anicetkeric_aws-cognito-spring-auth-server,4.2,0.0,290,312,322,344,168,190
commoncrawl_cc-webgraph,19.55,28.57,264,330,709,902,151,178
queer_utt,67.14,72.02,64,174,144,408,21,90
Rapter1990_kubernetesjavaclientapi,62.5,13.55,234,527,59,429,83,372
iyzico_iyzipay-java,1.45,7.86,2458,2475,4483,4523,2393,2405
davidmoten_big-sorter,99.21,98.84,3,306,8,721,1,220
pk8est_table-printer,84.15,74.26,72,238,90,490,25,136
amigoscode_spring-boot-essentials,59.31,75.0,19,36,26,62,18,34
sventorben_keycloak-home-idp-discovery,15.77,13.95,240,274,492,589,162,188
codelion_gramtest,57.86,45.29,203,313,371,727,133,199
yankee42_courseplay-osm-converter,1.95,3.08,325,338,853,885,150,159
max-jang_korea-music-chart-api,5.96,0.0,191,203,283,312,103,115
UdL-EPS-SoftArch_myapartments-api,88.39,55.0,23,84,31,257,7,64
tkuenneth_nativeparameterstoreaccess,5.41,0.0,28,29,74,78,13,14
LuckyPuppy514_jproxy,10.83,0.6,849,968,2076,2282,514,633
jMotif_SAX,97.68,88.38,94,674,120,1905,11,232
embesozzi_java-semantic-release,31.58,0,5,7,6,8,5,7
milpol_gorilla4j,81.24,64.0,32,94,42,251,4,44
rememberber_MooInfo,0.0,0.0,892,892,3703,3703,612,612
competeaqui_qrcode-pix-java,99.13,95.45,2,49,2,126,0,27
Daggerpov_Spawn-App-Back-End,28.34,15.18,961,1260,3468,4876,507,760
forax_argvester,93.46,88.33,12,101,20,209,1,40
0xShamil_ulid4j,0.0,0.0,41,41,159,159,22,22
lizard-framework_lizard-spi,39.64,31.25,67,86,105,201,7,22
mthmulders_mcs,70.4,59.02,91,259,187,578,58,196
fintrace_tspl2-driver,31.26,15.34,1253,1588,545,1196,494,763
ebullient_fc5-convert-cli,56.04,39.41,1411,2611,2558,6149,489,1375
kazuhikoarase_jaconv,99.12,95.16,5,49,3,133,2,18
SelimHorri_project-tracking-system-backend-app,14.98,0.0,446,525,1047,1298,398,477
ali-bouali_oauth2-social-login,75.76,0,2,6,3,15,2,6
antkorwin_xsync,47.34,31.99,210,303,325,638,84,142
hsiafan_cute-proxy,4.08,5.43,1286,1326,3446,3588,767,793
graph-quilt_graph-quilt-gateway,77.9,65.57,238,881,438,2091,117,632
alexandreaquiles_dibujo,91.76,81.65,31,103,21,183,3,24
Dev-as-ElasTech_Desafio_final_ELASTECH,6.42,0.0,155,169,302,333,121,135
setokk_CovIDetect,0.0,0.0,656,656,2224,2224,301,301
OpenHFT_Binary-Compatibility-Enforcer-Plugin,12.55,11.84,46,54,139,160,11,16
hamitmizrak_TechCareerSpringBoot1,0.2,0.0,164,165,437,438,123,124
JetBrains_jetCheck,83.5,75.39,128,544,106,911,36,320
abulychev_sstable,89.92,75.74,35,166,31,377,7,98
snicoll_demo-multi-entity-managers,79.92,50.0,13,36,18,67,9,32
paneladev_agenda-service,40.36,7.69,153,260,130,257,104,208
GCS-ZHN_movie-on-server,10.3,6.79,265,292,593,678,124,149
coderphonui_jsonautorepair,98.95,92.77,6,60,3,118,0,18
jeonjeunghoon_Kculter,3.07,7.27,421,441,1329,1369,344,358
linux-china_java-error-messages-wizard,8.91,50.0,64,70,113,126,62,68
saschadoemer_iso-11783-toolsuite,93.44,91.49,24,178,34,387,16,131
VIDA-NYU_domain-discovery-d4,6.75,7.09,1956,2136,5360,5799,1050,1176
CI-CMG_aws-s3-outputstream,86.12,84.43,32,215,71,602,13,154
getindata_flink-http-connector,94.02,90.08,84,648,114,1920,37,406
erik-monteiro_sistema-vendas,19.58,11.33,195,230,221,308,124,155
hamitmizrak_InnovaMVC,0.36,0.0,408,411,482,485,310,313
clarisma_geodesk,29.38,30.45,3059,3916,6134,8932,1380,1734
bertoxious_SpringBootJWT,9.06,0.0,161,177,116,145,82,98
sventorben_keycloak-restrict-client-auth,12.25,18.52,117,133,231,267,93,106
babelfish-for-postgresql_babelfish_compass,2.24,1.11,28359,28493,37946,38810,14197,14244
j3ers3_Hello-Java-Sec,0.0,0.0,395,395,1418,1418,278,278
robolaunch_central-orchestrator,0.0,0.0,2566,2566,9914,9914,1782,1782
joular_joularjx,21.13,24.86,249,349,740,967,98,166
alexandermakeev_toy-language,75.8,55.8,314,730,242,1324,86,385
tutorialworks_spring-boot-with-metrics,91.8,0,1,8,2,16,1,8
danvega_jwt-symmetric-key,97.18,100.0,1,17,2,45,1,16
JinQuan-Liu_searchEngine,17.19,0.0,41,52,119,144,32,43
vizor-games_infraworld-cornerstone,11.8,21.07,729,860,1875,2172,432,506
Xpectuer_miniJuliaSonar,0.0,0.0,1628,1628,4094,4094,661,661
Y4er_fastjson-bypass-autotype-1.2.68,1.9,0,35,37,82,84,35,37
linux-china_easy-random-junit5-extension,56.05,38.83,97,160,217,459,21,57
viralvaghela_Telegram-Bot-Array-Index-Out-Of-Bound,0.3,0.0,26,27,234,235,9,10
moacirrf_nb-java-decompiler,25.99,26.19,51,66,88,121,33,45
tsurdilo_temporal-java-workshop,2.39,0.91,683,705,2702,2764,574,595
hnfaydn_rentACar,2.72,0.16,2613,2700,1620,1827,1350,1437
cjmach_pstconv,30.41,24.83,116,143,270,390,50,67
DJayalath_qxn,90.43,82.43,29,141,21,335,6,67
Treblle_treblle-spring,19.95,33.33,151,176,329,387,122,137
schambon_SimRunner,1.16,5.48,858,902,2162,2276,372,395
paypal_heap-dump-tool,92.31,78.88,63,405,58,968,18,270
kegisa_TinkoffStockService,22.42,0.88,106,128,60,104,49,71
zinmyoswe_Spring-Shopping-Cart,10.41,0.0,285,303,641,697,204,222
CESNET_fake-oidc-server,14.68,4.17,46,69,202,253,23,45
smarticogit_projetoAPI,9.87,0.0,78,85,88,106,45,52
davidmoten_openapi-to-plantuml,89.81,77.72,80,434,99,1071,21,241
taogus_ureport-keep,1.94,0.16,6585,6819,16964,17307,2745,2978
SimpleAstronomy_simple-astronomy-lib,82.63,96.43,16,73,33,141,15,59
xEdziu_KeepMyPassword-Desktop,0.0,0.0,285,285,1522,1522,147,147
maatko_jprocessor,67.44,62.31,263,587,368,1126,144,356
houbb_nlp-hanzi-similar,93.0,70.31,33,155,37,344,14,123
aehrc_fhir-owl,69.69,55.37,194,354,341,1030,53,149
OpenHFT_Chronicle-Test-Framework,83.53,71.6,134,555,170,1118,53,389
sigpwned_chardet4j,91.17,56.09,246,547,302,977,63,243
rieckpil_hands-on-mocking-with-mockito,82.34,54.17,17,55,20,99,7,43
strimzi_drain-cleaner,86.92,83.33,18,76,22,181,5,34
ananthdurai_schemata,42.45,25.52,1036,1490,2003,3272,492,846
hamitmizrak_SpringMvcSpringDataSpringRest,8.9,1.15,383,437,541,612,252,306
MyQGirl_jiawawiki,0.0,0.0,1070,1070,2211,2211,985,985
CMTcode_sign-in-assistant,3.57,0.06,1711,1804,1609,1733,810,903
netbuffer_spring-boot-websocket-demo,0.0,0.0,63,63,132,132,48,48
camunda-community-hub_camunda-8-benchmark,9.37,18.33,188,211,492,549,136,151
vietduc030496_facebook-chatbot-chatGPT,5.36,0.0,202,217,85,106,100,115
MehmetAzizYirik_MAYGEN,92.46,85.08,139,765,137,2037,6,232
SelimHorri_hr-management-system,22.66,0.0,140,172,278,372,132,164
sarojaba_prettytable4j,98.89,95.18,5,103,5,237,1,61
JavaMoney_jakarta-money,87.9,79.59,27,130,29,189,12,81
dadoonet_hsearch-es-demo,0.0,0.0,20,20,52,52,19,19
cxzero_CVE-2022-42889-text4shell,7.69,0.0,9,11,20,22,7,9
SeRoSystems_lib1090,30.01,18.57,2031,2383,2562,3448,799,1060
denniskniep_GQLRaider,38.81,41.43,79,137,222,374,53,102
VGEAREN_webdav-caiyun,3.17,0.24,1409,1448,3943,4068,778,816
ivanmritx_superfinder-backend,6.03,0.0,151,165,437,480,72,86
filip26_iron-verifiable-credentials,58.44,45.81,372,682,573,1487,131,372
depycode_fastjson-c3p0,22.22,0,2,4,6,8,2,4
akhunovaa_customer-service,45.11,28.87,106,184,97,164,39,113
Oliver-Loeffler_DeriveColorsFX,0.0,0.0,238,238,779,779,169,169
wavefrontHQ_wftop,33.96,15.86,401,516,1046,1536,154,239
ozifirebrand_printHia,39.96,14.62,284,487,13,290,52,227
c-guntur_jvms-compare,0.37,0.0,1896,1904,8802,8841,567,575
backpaper0_spring-graphql-introduction,84.41,65.79,76,245,136,567,59,207
supabase-community_storage-java,0.0,0.0,176,176,360,360,138,138
BattlesnakeOfficial_starter-snake-java,54.89,44.44,9,20,33,69,4,11
aldo-gutierrez_bitmasksorter,16.86,12.99,1199,1377,3514,4130,304,388
bobaoapae_wpp-api-ws,0.0,0.0,36728,36728,77755,77755,17672,17672
anthonygauthier_jmeter-live-changes-config,5.1,0.0,108,114,300,320,76,82
Col-E_InstrumentationServer,49.89,19.28,399,672,707,1468,161,412
F0rce_ace,0.0,0.0,247,247,923,923,192,192
Pi4J_pi4j-example-components,28.55,30.83,417,605,1205,1756,253,409
eideasy_eideasy-external-pades-digital-signatures,1.07,0.0,119,123,343,347,88,92
gofabian_junit-fixture-extension,97.97,93.55,5,106,4,225,1,75
asecurityguru_just-another-vulnerable-java-application,1.94,0.0,46,51,202,207,34,39
coffeelibs_jextract-maven-plugin,23.1,60.0,13,21,70,93,11,16
lzhpo_crypto-spring-boot-starter,0.0,0.0,186,186,288,288,118,118
mariamihai_spring-security-amigoscode-tutorial,46.72,0.0,45,73,106,191,43,71
cliang97_HealthReport-WUT,48.46,0.0,23,32,106,201,8,17
GoogleCloudPlatform_cloud-run-microservice-template-java,51.02,0,6,11,10,19,6,11
Arghh_binance-trade-tracker,28.55,23.75,267,358,684,951,165,238
telenordigital_sms-smpp,93.96,75.0,76,393,94,1094,18,253
fireinrain_javbus-telegram-bot,0.0,0.0,864,864,3110,3110,464,464
guilherj_tqi_evolution_backend_2021,1.01,0.0,452,462,140,150,190,200
depycode_fastjson-local-echo,22.22,0,2,4,6,8,2,4
koushikkothagal_ipl-dashboard,90.27,90.0,12,108,19,214,11,103
xxuzhengg_eastmoney,14.65,0.0,72,83,208,244,56,67
rdlopes_demo-cucumber-junit5,30.0,0,2,4,3,5,2,4
miroRucka_tapo-smartplug,0.66,0.0,199,205,482,488,161,167
valarao_wordle-solver,100.0,100.0,0,106,0,242,0,52
lkydog_Design-Pattern,58.79,17.96,232,509,153,710,117,383
dmatik_oref-alerts-proxy-ms,68.01,38.24,92,205,66,282,17,120
little-pinecone_keycloak-spring-boot,74.2,30.36,44,107,16,142,17,79
andrewkkchan_client-ledger-service,76.01,80.0,13,41,16,77,11,36
puzpuzpuz_java-concurrency-samples,71.22,92.86,50,109,59,218,47,81
victorsgDev_CRUD-SpringMVC-cleanArchitecture-Thymeleaf,11.27,5.22,159,181,308,350,92,114
JiamingMai_clickhouse-ast-parser,29.29,14.4,5945,6847,7957,10826,3032,3774
eu-digital-green-certificates_dgc-lib,82.44,63.88,172,540,255,1534,37,331
M-Razavi_Company-Dashboard,16.11,0.0,97,114,208,251,88,105
BastiaanJansen_jwt-java,84.55,90.0,31,172,48,348,25,142
darrensmithwtc_jmeter-backend-newrelic,0.0,0.0,23,23,99,99,8,8
vincenzo-racca_spring-security-jwt,49.7,8.89,67,119,68,204,24,74
randomnoun_java-to-graphviz,82.18,72.67,372,1024,564,2997,61,244
cami-la_spring-security-full-course-amigoscode,42.22,0.0,75,95,73,143,50,70
drasyl_netty-tun,44.34,6.94,203,240,533,790,96,130
kousen_questjpa,51.85,1.67,81,145,91,216,51,115
teteusAraujo_KdMeuBichinho-BackEnd,83.7,54.76,87,483,71,663,43,420
hamitmizrak_Ecodation_JavaFullStack1_tutorials,27.27,0,2,3,3,4,2,3
betul-sahin_spring-boot-unit-test,37.09,20.37,80,119,31,98,30,65
meteergin_medium-java-streams,0.5,0.0,57,58,101,102,36,37
asecurityguru_aws-devsecops-repo-with-owasp-zap-dast-integration,37.8,50.0,5,8,15,20,4,6
x-USantaTecla-project-ustUML_back-spring,86.14,80.09,193,909,278,2081,82,557
Mozenn_spring-boot-rest-api-with-pagination-and-sorting,12.97,0.0,90,100,39,65,43,53
RameshMF_employee-management-webapp,21.75,0.0,60,76,119,155,56,72
Osiris-Team_JG-Browser,34.85,35.94,97,133,239,355,72,101
gavinklfong_spring-investment-platform,28.31,5.58,324,451,62,148,109,236
SnkSynthesis_voxel-game,0.0,0.0,207,207,566,566,91,91
rafaelq80_helloworld,46.15,0,2,4,3,5,2,4
rodrigovp_teste-open-feign,56.82,0,10,23,15,32,10,23
code-it-team_gotcha-be,45.17,5.84,251,448,248,544,177,371
folksdev_movie-api,35.18,47.22,143,189,217,371,126,171
reactive-learning-io_spring-boot-reactive-webclient,16.25,0.0,85,105,102,143,52,72
FlowingCode_GridHelpers,19.51,13.87,365,436,633,816,192,248
saschadoemer_isobus-device-localization-label-encoder,91.89,90.28,23,133,34,309,16,97
szymon-sawicki_reactive-timesheet-app,17.6,0.0,252,301,273,357,181,230
luontola_clojure-native-image-agent,70.86,81.25,10,31,38,72,7,15
NourKrichene_GraphQL-Spring-Boot-Example,4.73,0.0,77,86,52,61,45,54
Le36_chip36,94.0,90.05,37,380,77,889,10,162
ace-lectures_re21-devops,29.91,0.0,13,23,28,43,12,22
coding-parrot_chess-engine,98.27,94.91,55,644,27,1012,9,163
danileao_youtube-tdd-java,37.5,0,1,2,2,3,1,2
nishihatapalmer_TreeTable,0.0,0.0,1006,1006,2092,2092,477,477
mindee_mindee-api-java,0.0,0.0,5012,5012,5669,5669,1935,1935
Katibat_java-filmorate,48.46,18.25,215,330,179,425,90,204
casdoor_casdoor-spring-boot-example,34.05,0.0,13,20,32,42,12,19
PraveenGNair_springboot-drools-demo,28.57,0.0,29,38,52,76,18,27
clarisma_gol-tool,2.34,1.81,4045,4125,10962,11232,1657,1698
isuru89_springboot-patch-operations,2.37,0.0,126,131,59,68,59,64
SelimHorri_elastic-boot,4.95,0.0,43,46,24,27,29,32
gavinklfong_stream-api-exercises,31.33,11.21,114,139,23,45,56,81
baldLi_WeChatPaySDK,0.44,0.0,523,531,1275,1285,275,283
ZenWave360_json-schema-ref-parser-jvm,83.33,69.94,114,332,124,713,29,159
crudzilla_crudzilla,17.53,4.76,255,304,535,660,154,198
algorand_generator,17.27,18.39,760,867,2128,2531,234,277
musaerenberk_TwitterSignUpandFollowBot,3.81,0.0,69,76,306,323,40,47
lihongze_BatchCreateNFT,0.17,0.0,90,91,345,346,47,48
BilgehanYildiz_SpringBootDemo,9.31,0.0,57,72,127,145,54,69
feltex_feltex-excel-util,58.69,13.64,27,52,8,69,8,30
innovationacademy-kr_swlabs-helper,39.19,15.81,463,807,890,1552,342,680
apache_beam-starter-java,58.93,0,2,4,6,12,2,4
88250_symphony,0.15,0.02,3718,3720,18399,18436,1338,1340
didifive_queue-service-api,14.88,2.18,1270,1433,1303,1611,744,906
codejive_java-properties,89.34,83.12,61,326,48,565,18,166
DevUpgrade-online_season-2,35.09,38.24,120,161,224,311,91,127
leofds_iot-ladder-editor,0.0,0.0,2318,2318,7116,7116,1286,1286
IBM_ibm-ix-aem-sonarqube-plugin,94.48,74.38,111,392,78,1075,21,189
spring-petclinic_spring-petclinic-vaadin-flow,7.11,19.23,170,215,623,700,157,202
mabahmani_imdb-scrapping,0.4,0.0,1277,1293,4480,4502,1048,1064
KatsuteDev_OneMTA,1.07,1.2,5278,5306,10632,10725,3410,3422
birddevelper_NoteBookManager,78.82,43.75,16,50,16,105,5,34
GoogleCloudPlatform_java-recaptcha-password-check-helpers,73.99,50.62,61,136,97,311,33,95
openapi-json-schema-tools_openapi-json-schema-generator,52.74,41.63,4189,6525,7368,15651,921,2078
obrunodelgado_camelboilerplate,56.14,0.0,16,32,56,114,12,28
eclipse-ee4j_expressly,48.6,37.35,1730,2675,2795,5414,285,789
Youngerjesus_refactoring-2nd-edition,12.19,4.21,643,692,1031,1161,499,543
brunoborges_aks-jvm-benchmark,47.0,47.73,34,55,96,169,18,33
Samuluo_SoftwareCupRear,4.83,0.0,447,483,799,864,206,242
SirSkaro_pokeapi-reactor,95.8,0,5,64,9,128,5,64
beanshell_beanshell,42.08,39.62,5069,8556,10799,18455,1136,2511
Until-You-Possible_javaDemo,5.24,0.0,62,69,200,213,50,57
olein_Java-AWS-RnD,3.69,0.0,42,47,120,125,40,45
Raphael77777_BullittTWS,0.0,0.0,664,664,2331,2331,410,410
Until-You-Possible_Algorithm,0.15,0.0,210,211,429,430,116,117
m-vokhm_Quadruple,93.53,92.06,115,730,136,1582,63,264
rocketseat-creators-program_spring-rest-pdf-endpoint-2021-10-12,30.36,0.0,54,67,157,201,49,62
imduchy_cloud-workshop,32.76,0,37,52,66,102,37,52
CONTINUE12_SpringBoot_StudentManagerSystem,1.71,0.0,703,730,1150,1182,328,355
zhuweitung_banana-helper,1.47,0.43,1584,1591,994,1031,639,646
cloudsimplus_cloudsimplus,25.66,21.96,3890,5046,6363,8884,2505,3470
gchq_synthetic-data-generator,76.8,63.16,68,157,133,642,57,138
Zara-cat_shiro_jwt_nosession,9.51,0.0,266,294,475,559,149,177
alexgracianoarj_gitlab-pipeline-demo,77.27,0,1,4,2,5,1,4
jiangxincode_ApkToolBoxGUI,2.96,4.74,1835,1902,7428,7666,1068,1117
BestSolution-at_mac-codesigner,1.23,0.0,40,43,146,152,19,22
sample-accelerators_tanzu-java-web-app,89.58,100.0,1,8,2,13,1,7
RoyalUr_RoyalUr-Analysis,13.92,23.09,479,595,1338,1581,250,306
SysObligatoriskOpgave22_BackendWebApp,80.12,56.0,61,113,21,135,39,88
basonjui_hexagon-grid-system,19.37,14.04,334,397,1066,1285,204,247
schauder_talk-beyond,90.65,50.0,7,41,12,96,6,40
szerhusenBC_jwt-spring-security-demo,77.15,44.44,34,105,55,254,21,87
DrDREAM233_auto-get-fu-card,0.0,0.0,27,27,83,83,9,9
NewbieOrange_SUSTech-SQL-Project2-Public,1.07,0.0,232,238,465,477,136,142
danvega_building-rest-apis-spring-boot,44.61,0.0,37,64,25,80,19,46
ZaTribune_springboot-jasperreports-advanced-demo,100.0,100.0,0,71,0,232,0,67
karantes_REST-Spring,48.06,22.73,66,126,114,223,55,115
jchambers_id-obfuscator,98.24,97.22,2,100,2,237,0,64
dbgee_log4j2_rce,8.26,0.0,14,16,29,32,12,14
digitalinnovationone_lab-padroes-projeto-spring,5.63,0.0,41,45,69,73,40,44
ecovaci_winfoom,4.04,2.95,1349,1397,2951,3087,716,754
birdiecare_connect-smts,86.97,80.74,60,226,75,588,10,77
marhali_json5-java,73.75,61.7,234,549,218,974,60,231
hhimanshu_spring-boot-liquibase,54.95,0,8,17,16,31,8,17
SebastianDietrich_moneyfield,74.11,72.73,37,87,61,197,20,54
aryan1403_NekoXBot,0.0,0.0,21,21,61,61,17,17
kaiofelixdeoliveira_clean-architeture-album,0.0,0.0,68,68,143,143,67,67
hamitmizrak_Patika_SpringBoot_Docker,0.0,0.0,95,95,55,55,56,56
yoandypv_todo-api,9.75,0.0,108,118,52,74,51,61
jonashackt_spring-boot-buildpack,88.1,0,1,8,2,13,1,8
asecurityguru_devsecops-github-actions-all,37.8,50.0,5,8,15,20,4,6
hamitmizrak_AllSpringBlogProject,11.4,0.0,190,215,153,194,113,138
Online-Job-Portal-CG_Backend,0.0,0.0,582,582,1237,1237,512,512
streamthoughts_kc4streams,0.31,0.0,353,355,905,908,260,262
ankit417_secugen-fingerprint,3.44,0.0,26,29,163,172,9,12
RavaMichi_OOP21-Dont-Pop,8.4,8.1,375,413,1020,1113,239,270
snicoll_demo-aot-native,72.77,90.0,6,21,13,46,5,16
gorandalum_fluent-result,100.0,94.29,4,284,0,434,0,249
sercasti_spring-httpserver-timings,0.0,0.0,67,67,125,125,48,48
romankh3_spring-boot-mapstruct-example,26.42,6.77,121,175,30,105,28,79
bbaga_github-scheduled-reminder-app,44.32,37.43,483,824,1071,1989,273,559
andreaiacono_GraphLab,2.74,0.76,526,546,1451,1497,324,344
vinceh121_nebula2-assets-extractor,11.55,10.3,1259,1433,3579,4092,704,837
MountCloud_graphql-client,45.15,29.76,62,96,122,227,27,54
Java-Techie-jt_validation-exception-handling,1.94,0.0,100,105,42,47,50,55
gematik_ref-GemLibPki,98.59,95.63,26,579,27,1892,0,280
xiaoweix_ai-project,1.67,0.0,18,21,133,136,16,19
poetix_ambivalence,82.54,66.67,12,66,13,87,10,63
juliengalet_reactor-flow,99.47,96.88,12,386,7,800,7,305
souris-dev_samosac-jvm,59.51,39.4,1446,2264,2132,5054,675,1330
bezkoder_spring-boot-unit-test-rest-controller,75.09,80.0,4,26,17,67,3,21
MichelliBrito_springboot-azure,7.06,0,16,20,38,42,16,20
gabrieldim_CSV-Export-Spring-Boot,8.0,0.0,14,17,37,42,13,16
HamdiBouallegue_stripe-spring-boot,5.26,0,24,27,69,72,24,27
npedidos_rest-api,27.89,12.9,174,252,492,663,142,219
iamprafful_rest-api-authentication-tutorial,16.51,0.0,36,46,110,138,29,39
cn-panda_logbackRceDemo,21.31,0.0,5,9,16,20,4,8
rsatrio_WebRTC-Signaling-Server,13.0,0.0,21,25,76,85,15,19
gnu-gnu_spring-kafka-example,82.98,0.0,20,76,47,214,19,75
hellodk34_weibo_hot_search,3.11,0.0,124,130,276,291,53,59
open-dingtalk_org-mini-program-tutorial-java,4.56,0.0,24,28,75,79,23,27
ProgrammerZamanNow_belajar-spring-dasar,50.47,11.29,110,246,39,224,55,184
pfichtner_log4shell-hunter,96.27,81.55,39,308,27,446,8,224
ErgunAhmet_DataJpaYt,3.14,0.0,431,447,364,407,225,241
arothuis_antlr4-calculator,81.48,64.55,88,185,79,359,51,127
Kirill89_CVE-2022-22965-PoC,88.64,0,1,10,2,15,1,10
GitHub-Laziji_reverse-regexp,74.86,74.73,54,139,61,286,13,48
HamdiBouallegue_keycloak-backend,17.65,0,6,8,10,12,6,8
sayan-d99_Spring-Security-JWT-Authentication,23.56,0.0,30,41,63,89,23,34
SCWContent_insecure-code-examples,67.54,69.23,10,31,64,174,5,18
xielong_chatgpt-code-review-gerrit-plugin,45.37,13.92,167,237,105,314,75,140
marcobehlerjetbrains_maven-tutorial,66.67,50.0,2,3,3,6,1,2
corningsun_fileEncrypt,90.91,64.29,5,13,3,39,0,6
Ashish2030_Swagger_Static_Website,52.52,0,10,18,17,42,10,18
djnzx_ultimate8,0.39,0.0,587,588,1299,1300,519,520
isinhah_sushi-system,68.21,43.33,112,356,215,768,79,311
anselleeyy_Course-System-Back,0.0,0.0,296,296,773,773,262,262
maciejwalkowiak_paseq-maven-plugin,86.8,78.0,14,62,20,120,4,37
zhao-rgb_daily-practice,0.28,0.0,2880,2898,7489,7515,1578,1596
pangaea-data-publisher_qualianon,20.3,25.71,1584,2028,4114,5205,1085,1427
jitpack_maven-simple,60.0,0,1,3,2,4,1,3
Jackisome_MikufunBackend,2.19,0.04,2734,2783,2059,2169,1438,1487
lowzj_java-retrying,89.65,70.29,42,187,33,400,6,118
DenzelCode_AdvancedSQL,1.36,0.83,377,380,527,536,256,259
zevolution_netflix-hexagonal-architecture,58.82,27.27,173,364,210,596,153,342
PhantomThief_cursor-iterator,91.16,72.41,19,81,17,176,4,52
furkanisitan_country-city-api,20.42,5.02,691,865,562,849,311,479
RameshMF_springboot-dto-tutorial,15.11,0.0,93,111,34,65,41,59
OmarAlHaj24_OnDriver,3.12,0.84,251,261,551,572,133,142
graalvm_simpletool,62.38,36.36,12,38,26,89,4,27
anantjain6_ProductManagementSystem,12.34,4.17,163,186,391,441,139,162
Retsamer_java_vuln_code,9.98,6.75,510,586,1471,1680,273,332
meistermeier_reactive-thymeleaf,9.76,0.0,111,116,52,68,47,52
ali-bouali_bootcamp-spring-boot,7.78,23.33,496,534,563,615,484,519
nonpool_typedispatchdemo,0.0,0.0,315,315,726,726,213,213
bezkoder_spring-jpa-query-example,91.84,0,11,18,17,98,11,18
melin_sqlflow,0.0,0.0,8834,8834,17146,17146,5673,5673
rahul26021999_QrCode-JavaSpringBoot,32.68,0,5,9,28,34,5,9
jaywong1024_redis,9.77,0.0,51,56,153,171,38,43
awslabs_aws-codepipeline-custom-job-worker,90.54,75.0,29,156,48,460,17,130
dr-mod_tidy-flappy-bird,0.0,0.0,387,387,1008,1008,247,247
retomerz_mosquito,3.72,6.49,268,282,781,820,142,151
aws-samples_aws-ecs-springboot-opentelemetry-sample,10.71,0,2,3,5,6,2,3
licy183_c1ctf-backend,0.0,0.0,2371,2371,2053,2053,1081,1081
sunquakes_jsonrpc4j,68.25,55.91,159,376,371,1115,60,217
dhatim_dropwizard-prometheus,14.2,15.38,90,105,246,300,48,58
bezkoder_spring-jpa-native-query-example,92.13,0,11,18,17,101,11,18
zghehejun233_518_java_course_design,0.0,0.0,1959,1959,4485,4485,1323,1323
zzzzbw_Spring-Boot-I18n-Pro,23.86,18.52,75,96,165,218,50,69
patrickfav_rocketchat-exporter,16.61,4.21,480,546,180,324,163,222
jasrodis_spring-boot-vuejs-websockets,96.15,0,1,16,2,33,1,16
Java-Techie-jt_springboot-k8s-yaml,30.0,0,2,3,3,4,2,3
university-of-auckland_kafka-http-sink-connector,71.71,62.3,56,122,131,391,36,90
strategyengine_fsedistributionservice,19.24,11.83,2666,3104,2367,2918,1083,1475
in28minutes_TDDin28Minutes,50.0,50.0,2,5,5,11,1,3
f4b6a3_ksuid-creator,93.25,90.16,18,155,19,316,6,93
ai-for-java_ai4j,0.0,0.0,177,177,357,357,128,128
kanajin_Aqua-docker,5.75,0.0,16486,17257,10793,12974,9214,9985
Java-Techie-jt_spring-boot-keycloak,35.02,0.0,23,33,12,35,14,24
dkambale_multi-tenant-microservice,0.0,0.0,70,70,137,137,62,62
artmcoder_Buysell,46.15,0,2,4,3,5,2,4
Java-Techie-jt_devops-automation,30.0,0,2,3,3,4,2,3
educostadev_spring-websocket-message-broker,37.0,0.0,32,54,57,99,26,48
daglii_graylog-spring,50.0,0,4,10,10,17,4,10
Java-Techie-jt_springboot-k8s-example,30.0,0,2,3,3,4,2,3
liquidpie_lenses-java,80.63,0,5,26,5,40,5,26
victorrentea_kata-trivia-java,87.16,80.65,19,89,44,222,7,27
palakbhawsar98_DevOps-CI-CD,27.27,0,3,5,4,6,3,5
oussamabasry_microservices-jwt-spring-security-from-scratch,37.5,0,1,2,2,3,1,2
XUranus_lightsocks-java,3.26,1.27,167,171,452,472,87,91
RTBHOUSE_kafka-workers,65.2,52.72,370,858,625,2008,166,509
msojocs_OmenChallengeHelper,3.2,3.37,288,296,1009,1042,187,192
spdx_spdx-to-osv,71.48,69.92,188,322,333,864,134,204
leluque_java2uml,0.0,0.0,514,514,901,901,321,321
IMS94_spring-boot-jwt-authorization,51.93,10.71,34,59,59,161,20,45
huonghuong1412_Payment-Online-Demo,0.55,0.0,74,78,414,418,46,50
jance-hui_update-jd-ck,1.74,0.0,43,48,187,192,12,17
krka_futures-guide,0.0,0.0,83,83,151,151,64,64
nipafx_effective-java,0.37,0.18,962,969,3847,3866,410,416
LockieZou_hadoop,0.53,0.0,576,587,1657,1671,383,394
codeworth-gh_PanelMatic,36.96,20.0,169,237,324,524,100,162
CodeShield-Security_Log4JShell-Bytecode-Detector,71.99,68.18,23,57,56,182,7,24
Kamilahsantos_Consumindo-api-rick-morty-com-webclient,11.96,0,17,21,46,52,17,21
itsecurityco_CVE-2022-22965,9.68,0,8,10,23,25,8,10
wmixvideo_bradesco-boleto-registro,26.36,58.75,372,427,718,855,352,387
semaphoreci-demos_semaphore-demo-java-spring,45.65,0.0,26,52,49,109,22,48
evrentan_spring-boot-project-example,10.05,0.28,328,363,295,369,150,185
mybatis-mapper_mybatis-mapper-example-springboot,37.5,0,1,2,2,3,1,2
galan_gitlab-panorama,5.15,2.43,791,827,692,757,345,372
jarslab_babel-maven-plugin,84.38,66.67,21,88,31,234,7,64
BrkSe_SpringBoot_Security_Tutorial,81.63,0,3,7,4,16,3,7
uia4j_uia-sim,79.68,70.87,81,370,154,926,31,267
iquanzhan_SecKillShop,7.47,0.0,237,270,502,548,189,222
legacyfighter_dodatkowe-zadania-java,37.23,25.36,171,242,272,407,114,173
mscharhag_ET,93.9,91.18,4,53,6,120,1,36
dream11_vertx-rest,12.56,14.29,90,103,202,232,66,75
markhobson_spring-rest-template-logger,96.71,50.0,3,14,2,31,1,12
veeranalyticsltd_jmeter-backend-listener-kafka,57.21,32.04,52,79,123,298,9,27
nebula-contrib_nebula-jdbc,0.0,0.0,734,734,1075,1075,638,638
WoMakersCode_bootcamp-java-starwars-restapi,27.37,0.0,23,37,67,101,20,34
microsoft_credential-secure-storage-for-java,8.55,7.98,385,428,847,956,194,232
markbdsouza_hateoas-with-pagination,8.21,0.0,31,36,50,56,29,34
LuanPSantos_Clean-Architecture,32.65,0,21,29,42,63,21,29
DeEpinGh0st_CVE-2022-22978,51.16,0,5,9,6,11,5,9
simplesolutiondev_spring-boot-generate-pdf,92.93,0,1,28,6,88,1,28
sdeleuze_spring-boot-cds-demo,45.83,0,2,4,5,8,2,4
zsolt-halo_Log4J-Log4Shell-CVE-2021-44228-Spring-Boot-Test-Service,55.0,100.0,2,9,13,33,2,8
raviyasas_sample-room,5.43,0.0,59,64,52,62,36,41
cami-la_unit_testing_JUnit5,54.6,87.5,32,58,58,109,30,50
360595304_JavaWeb,0.2,0.0,109,110,406,407,82,83
Java-Techie-jt_github-actions-example,30.0,0,2,3,3,4,2,3
MEIZUPUSH_JavaSdk,59.92,45.09,439,747,742,1922,252,533
opensergo_opensergo-java-sdk,6.9,4.33,12837,13343,26940,28843,6549,6918
itsZed0_springboot-crud,11.43,0,17,21,28,32,17,21
keyhan_jBSBE,45.38,35.27,151,217,178,412,69,112
madvirus_ddd-start2,11.2,0.0,527,575,985,1138,422,470
Mozenn_spring-boot-keycloak,33.5,0.0,40,55,14,57,16,31
augustd_burp-suite-jsonpath,18.19,35.71,102,134,457,557,71,86
Hakky54_console-captor,94.31,100.0,0,23,4,62,0,20
spring2go_graphql_event_app,2.8,0.0,405,419,249,267,181,195
codingChengxians_zmyy,0.1,0.0,397,398,175,176,180,181
dreezey_argon2-password-hash-provider,50.46,35.0,83,118,129,257,67,98
sashinpivotal_spring-boot-tdd,71.49,40.62,17,37,8,61,3,21
piinalpin_springboot-jpa-specification,1.21,0.0,213,219,138,144,132,138
digitalpetri_strict-machine,0.0,0.0,135,135,295,295,107,107
LinkedInLearning_spring-code-challenges-3161306,14.88,0.0,59,71,33,54,30,42
sealedtx_bitcoin-cash-converter,0.0,0.0,89,89,237,237,36,36
Mozenn_spring-boot-hibernate-search,28.85,0.0,75,91,46,87,37,53
Mindula-Dilthushan_SpringBoot-JWT,19.79,0.0,68,82,48,70,34,48
gatanaso_multiselect-combo-box-flow,55.35,47.67,83,153,127,312,48,110
simplyi_NewSpringAuthorizationServer,81.71,0.0,4,18,9,54,3,17
2020NCOV_MiniProgram-server-JAVA,0.86,0.0,651,662,1240,1251,607,618
ququzone_smart-extractor,40.14,38.14,73,107,169,290,28,48
Java-Techie-jt_spring-boot-twilio,9.64,0.0,79,91,42,56,37,49
dilaverdemirel_spring-cloud-stream-outbox-extension,80.16,63.64,24,116,7,157,15,94
earcut4j_earcut4j,39.64,27.55,176,232,205,374,17,36
bykowski_invoice-spring-mvc-example,49.72,0,14,22,22,50,14,22
mmarcosab_rabbitmq-example,37.4,0.0,7,17,20,32,5,15
NotFound403_spring-security-oauth2-tutorial,19.3,0,4,8,11,15,4,8
yihleego_trie4j,79.86,72.73,45,126,48,254,13,60
CanalStephanieSantos_Api-de-Aposta,84.72,0,13,43,12,61,13,43
PierreSchwang_Netty-Packet,25.9,48.44,231,277,286,397,211,245
pyn3rd_CVE-2023-34040,26.51,0.0,18,29,48,72,15,26
hannotify_eleven-crazy-java-things,0.0,0.0,53,53,95,95,49,49
AWS-Devops-Projects_springboot-app,2.58,0.0,8,10,50,52,7,9
wonwoo_spring-boot-oauth2-login,36.54,0,9,14,18,33,9,14
muyan-yootk_NetEcho,0.0,0.0,76,76,255,255,52,52
ValdirCezar_curso-api,63.52,7.14,31,76,0,65,11,55
Neloop_jaclp,79.7,67.65,32,101,34,190,14,67
pouyaesm_signed-community-detection,68.16,68.51,257,724,649,2144,75,270
RipperTs_tiktok-device-registration,0.0,0.0,75,75,378,378,45,45
cescoffier_rxjava2-lab,1.19,1.72,616,629,1393,1417,559,571
unruly_java-8-matchers,81.85,63.64,65,283,68,402,45,239
semuxproject_evm,87.9,67.51,333,1115,349,2829,95,619
rocketseat-education_ignite-java-gestao-vagas,5.53,3.32,490,511,295,320,264,285
kiberohrannik_webflux-log,92.7,93.24,19,192,31,397,14,155
NeilMadden_salty-coffee,94.64,71.09,149,454,155,1919,47,259
maximthomas_passwordless,26.31,4.76,440,590,253,503,196,338
bigchaindb_java-bigchaindb-driver,89.24,78.21,73,398,109,957,41,320
lydtechconsulting_kafka-streams,78.74,31.67,41,115,24,143,12,85
samcjohns_Terminal-Trader,0.49,0.66,667,672,2304,2316,237,241
jomatt_spring-boot-multitenant-sample,61.99,50.0,19,53,43,111,18,51
amrutprabhu_grafana-prometheus,36.84,0,2,4,4,6,2,4
open-sce_fluent-cli,8.87,1.9,254,317,974,1078,124,185
EmbarkXOfficial_Spring-Security-Course,33.08,0.0,30,52,101,141,26,48
Shockang_algorithm,0.43,0.11,4516,4531,8061,8090,1905,1918
masteringapi_attendees,21.89,13.86,1061,1277,1987,2676,642,847
HAibiiin_json-repair,0.0,0.0,380,380,704,704,211,211
dr3fty_krynn-sql,43.65,42.5,93,151,246,396,79,131
bslota_optimistic-api,84.04,47.69,34,155,35,289,10,122
usingsky_KoreanLunarCalendar,96.77,54.08,45,90,36,224,9,41
Atrox_haikunatorjava,97.74,81.25,10,26,7,43,7,18
Contrast-Security-OSS_java-sarif,1.04,0.12,4021,4070,5735,5831,1605,1652
amigoscode_spring-boot-security-course,58.75,0,6,10,8,18,6,10
boaglio_spring-boot-greendogdelivery-casadocodigo,48.11,13.04,108,183,187,405,66,137
jollymonsterstudio_ue4-kopiarka,0.0,0.0,62,62,188,188,20,20
xushiyan_kafka-connect-datagen,6.58,0.0,22,24,71,79,18,20
TomCools_rickroll-security-spring-boot-starter,100.0,100.0,0,22,0,48,0,16
panga_fn-native-java,0.0,0.0,4,4,3,3,2,2
zhaohuabing_istio-opentracing-demo,15.82,0,8,18,39,49,8,18
gaborbata_groovy-web-console,93.25,75.0,3,17,3,38,2,15
saiGou-14H_FaceSystem,0.0,0.0,1216,1216,1701,1701,647,647
Sarthakverse_Jwt-Authentication-Authorization-for-SpringBoot-3.3.0,8.04,0.0,632,673,461,540,346,387
hamitmizrak_KodluyoruzSpringBoot,0.0,0.0,363,363,291,291,233,233
gijsvl_camenisch-lysyanskaya,11.69,13.15,2298,2613,5678,6636,1514,1756
OrderLab_OKLib,35.57,36.46,718,1169,1870,2987,263,523
XMMarlowe_SpringBoot-VUE-Music,0.0,0.0,862,862,1174,1174,442,442
yanaga_guava-stream,93.85,0,7,72,7,81,7,72
pkini2002_JWT-Authentication-SpringBoot,33.33,0.0,58,77,91,126,51,70
minicp_minicp,59.2,58.24,414,1019,812,2163,232,654
dozd_mongo-mapper,42.83,32.53,84,133,184,313,20,50
puckiestyle_JNDI-Exploit-Kit,0.0,0.0,140,140,677,677,71,71
NO-ob_LoliSnatcher,0.0,0.0,310,310,1087,1087,130,130
dasniko_keycloak-aws-ses-email-provider,60.68,38.89,16,20,20,50,8,11
ocinpp_springboot-sockjs-stomp-vue-sample,97.63,0,1,11,2,38,1,11
SonarSource_sonar-auth-bitbucket,97.84,87.18,7,79,4,209,2,59
Todense_OmniGraph,20.19,21.38,1772,2182,4431,5573,1036,1280
Cybertek-B15Local_fall-2019-va-rest-assured-testing,0,0,0,0,0,0,0,0
bmTas_cb2xml,33.44,25.24,4027,5456,9143,13833,2137,3240
avivcarmis_java-red,93.05,77.91,33,460,41,740,18,417
amarlearning_chat-rooms,13.5,0.0,35,39,70,81,34,38
aws-samples_amazon-kinesis-data-analytics-flink-starter-kit,0.0,0.0,69,69,185,185,45,45
Celos_avro-json-decoder,53.97,52.2,90,149,144,332,37,68
giraffe0813_EsGiraffe,36.68,19.48,44,55,80,116,3,9
petterobam_mds2index.html,22.78,15.88,214,249,483,618,61,79
OpenGamma_OpenSIMM,81.04,52.55,120,451,166,985,40,323
TomCools_dropwizard-websocket-jsr356-bundle,61.06,28.57,43,85,37,147,24,60
XF-FS_APIKit,0.0,0.0,924,924,2611,2611,328,328
xtremebiker_jsf-spring-boot,0.0,0.0,15,15,28,28,14,14
cfrasinaru_Graph4J,52.63,45.7,3364,5801,6156,13150,1084,2287
SUPSI-DTI-ISIN_java-consistent-hashing-algorithms,43.34,35.33,743,1511,2662,4561,291,830
CherryPill_ASCII-art-creator,10.24,12.73,139,163,475,528,91,108
aws-samples_amazon-appflow-custom-jdbc-connector,0.0,0.0,125,125,445,445,56,56
antoniorws_roadmap-java,0.77,0.0,93,95,247,249,81,83
maxisandoval37_webapp-maxcotas,26.85,1.68,198,273,124,217,80,154
joseluisgs_SpringBoot-Productos-REST-DAM-2021-2022,28.87,10.62,298,418,360,536,192,305
Azure99_AlgContestInfo,14.64,4.84,115,137,283,343,84,106
Col-E_SimAnalyzer,55.58,46.17,557,976,674,1665,131,351
iainporter_spring-file-poller,92.79,0,1,23,4,55,1,23
CuteLuoBo_live-danmu-archive,7.92,3.82,1557,1626,4410,4820,945,1007
CodingWithTashi_spring-boot-otp-login,25.27,3.26,84,111,93,135,38,65
liyinchigithub_company_official_website_server,0.34,0.0,1491,1500,1539,1549,864,873
Wwzb_cisp,6.6,0.0,229,244,526,548,185,200
little-pinecone_spring-boot-swagger-ui-keycloak,59.11,28.57,54,118,55,167,26,90
awslabs_amazon-sns-java-extended-client-lib,59.65,82.76,98,153,106,272,88,124
sdaschner_quarkus-playground,2.94,0.0,21,23,46,48,20,22
romanboehm_jsonwheel,87.11,90.67,8,63,8,135,1,23
Azure-Samples_java-docs-spring-hello-world,30.0,0,2,3,3,4,2,3
dstar55_docker-hello-world-spring-boot,0.0,0,4,4,5,5,4,4
digitalpetri_opc-ua-nodeset-parser,36.08,33.33,374,515,732,1092,292,404
GoSimpleLLC_jpgAgent,7.72,4.81,243,264,749,816,108,126
EmerF_aulas_bee,17.65,0,4,5,5,6,4,5
basquiat78_interface-bbuljit,5.9,0.0,91,102,60,73,50,61
Werun-backend_Andulir,0.0,0.0,218,218,416,416,110,110
dsyer_mustache-sample,90.5,75.0,11,50,11,94,6,40
AliyunContainerService_jenkins-demo,37.5,0,1,2,2,3,1,2
saro-lab_sap-jco-manager,0.0,0.0,48,48,128,128,38,38
bigdream96_chess-game,0.0,0.0,470,470,825,825,187,187
making_timeflake4j,67.33,58.33,27,55,26,93,12,37
davidfantasy_mybatis-plus-generator-ui,5.32,2.55,1181,1234,1308,1450,545,586
koushikkothagal_spring-security-jwt,21.31,0.0,28,38,58,76,21,31
Paul2708_worm,0.51,0.0,448,451,932,942,252,255
RedFroggy_keycloak-verify-email-by-code,89.55,100.0,5,21,9,79,5,14
mah-shamim_industry-grade-project-i,100.0,0,0,12,0,18,0,12
akullpp_algodat,0.0,0.0,166,166,358,358,91,91
raymondmars_book-price-compare,1.01,5.26,106,109,224,225,67,68
shzlw_poli,65.73,42.15,271,734,635,1848,135,540
ali-bouali_spring-boot-for-beginners,0.0,0.0,44,44,77,77,42,42
SilenceSu_Easy3dNav,0.0,0.0,1098,1098,3502,3502,318,318
Baeldung_spring-security-registration,0.0,0.0,656,656,1579,1579,460,460
cloudblue_xml-doclet,89.5,72.66,109,455,106,888,47,316
diracccc_redis-rate-limiter,0.0,0.0,39,39,118,118,25,25
seart-group_ghs,2.04,3.87,1558,1592,2657,2725,1272,1297
Smith-Cruise_Spring-Boot-Security-Thymeleaf-Demo,63.55,0.0,18,32,31,79,16,30
filip26_titanium-json-ld,85.26,76.0,1094,3478,951,6703,229,1184
Hello-hao_Tbed,0.0,0.0,1836,1836,5032,5032,881,881
ibm-messaging_kafka-connect-jdbc-sink,84.91,60.0,27,101,58,287,8,66
lingyejun_tick-authenticator,65.71,48.78,44,100,67,224,10,58
joaomlneto_travis-ci-tutorial-java,82.61,0,1,6,2,7,1,6
rohanKanojia_podsetoperatorinjava,38.16,8.7,41,55,105,155,19,32
ludovicianul_pl4j,0.0,0.0,180,180,434,434,154,154
righettod_pst-digger,64.22,69.7,21,42,41,115,4,9
SebaGQ_api-rest-java-jwt-devsecops,25.35,3.66,715,880,499,848,334,497
DeppWang_litespring,0.16,0.0,157,158,509,510,87,88
jaggerwang_spring-boot-in-practice,0.0,0.0,1827,1827,1114,1114,1021,1021
agrison_redux4j,77.06,62.5,12,44,19,86,6,36
ZRory_magnet-torrent,8.45,0.0,53,62,137,152,42,51
wenqiglantz_chatgpt-whisper-spring-boot,2.97,0.0,259,270,65,76,131,142
jnr_jnr-process,83.64,50.0,9,25,12,64,7,22
pavelfatin_typometer,19.67,36.71,462,612,1544,1832,340,428
tminglei_binder-swagger-java,52.92,56.61,362,648,525,1185,154,311
skarapost_EVLib,50.91,37.78,355,660,714,1634,80,299
sim0n_stress-bot,0.0,0.0,607,607,1113,1113,539,539
tuomount_Open-Realms-of-Stars,69.11,66.17,9720,26135,21673,69501,1025,4614
email2vimalraj_TestNGExtentsReport,58.59,44.0,43,66,72,167,23,41
leosam1024_tvbox-mv,9.93,3.69,249,267,618,690,128,145
educ-ai-org_educai-api,5.19,2.75,1025,1070,1120,1206,589,633
andreyrikunov_fairplay-ksm,44.42,36.11,149,261,385,677,122,225
juhahinkula_StudentListFinal,31.74,0.0,54,76,116,169,44,66
RedFroggy_keycloak-registration-invitation,27.08,19.23,40,48,124,164,29,35
scottashipp_mill,75.31,57.27,55,155,24,124,21,100
mohaghighi_Covid19-Web-Application,43.88,60.0,84,117,159,265,76,97
lyubenblagoev_postfix-rest-server,28.93,13.53,395,531,740,1106,314,446
MrGraversen_minecraft-rcon,21.51,21.1,328,433,793,1035,281,378
micw_tibber-pulse-reader,65.49,52.08,198,372,381,866,90,190
coralblocks_CoralAffinity,49.05,34.29,265,428,585,1272,79,202
mulesoft-catalyst_mule-sonarqube-plugin,9.23,9.33,205,233,606,683,109,133
javabycomparison_kata,83.81,69.44,38,97,45,287,6,43
fabric8io_kubernetes-assertions,0.01,0.0,7088,7089,13947,13950,6805,6806
0x00000499_DLUTTicketBook,1.16,0.33,448,466,1180,1210,126,144
ybqdren_tenholes-blues-down,0.0,0.0,55,55,217,217,33,33
DigitalRedPanda_Kivarino,0.0,0.0,128,128,517,517,98,98
LevyVianna_bootcamp-apis-springboot,6.12,0.0,36,42,84,90,24,30
daobab-projects_daobab-core,1.72,0.61,8023,8136,15095,15394,4718,4825
CycloneDX_cyclonedx-core-java,64.78,36.52,1465,3660,1608,6441,463,2266
ilkeratik_sample-microservice-with-spring-boot,32.2,27.94,91,144,152,237,58,110
google_escapevelocity,91.47,89.03,75,532,71,1192,16,231
davidmoten_rtree2,86.91,80.17,124,766,145,1355,42,467
kmizu_nub,30.02,9.9,433,488,823,1080,272,320
JordiHOFC_Estudos-Desafio-PicPay-BackEnd,69.72,60.0,32,91,66,235,28,81
networknt_json-schema-validator,85.28,75.8,1037,3451,1020,6871,335,1633
Oleksandr82_turnstile-ssm-reactive,98.22,0,1,36,2,71,1,36
himash79_Springboot-Github-Actions-Docker-App,41.18,0,2,4,4,6,2,4
panorama-jack_Course-Arrangement,0.0,0.0,1039,1039,1602,1602,627,627
0xShamil_java-xid,0.0,0.0,81,81,171,171,39,39
viniciusnavarro_devops-java,57.14,0,1,2,1,3,1,2
raphw_interceptable-http-client,65.12,78.26,27,50,42,113,23,38
janioofi_curriculo-generator-backend,8.35,0.0,33,37,118,126,11,15
gabrieldim_Email-Sender-Spring-Boot,27.78,0,3,6,13,20,3,6
spotify_simple-bigtable,67.04,83.33,85,213,122,386,84,210
bezkoder_spring-boot-data-mongodb,2.43,0.0,23,25,59,61,18,20
koushikkothagal_spring-boot-security,88.42,0,4,10,5,24,4,10
Mikhail-Mikhailenko_bring,0.0,0.0,84,84,238,238,52,52
awslabs_aws-glue-catalog-sync-agent-for-hive,0.03,0.01,107873,107893,188595,188660,48679,48692
BenjaminCanape_RunBackEndRun,19.22,4.29,460,560,526,707,266,362
armanyazdi_esm-famil-api,1.46,0.0,54,56,91,95,27,29
bezkoder_spring-boot-upload-multipart-files,8.98,0.0,26,32,71,81,21,27
GAIGResearch_TabletopGames,0.0,0.0,30247,30247,70169,70169,11478,11478
netease-im_yunxin-server-sdk-java,0.32,0.96,9281,9296,16113,16148,7931,7935
eBay_digital-signature-verification-ebay-api,67.22,61.11,41,83,118,338,18,42
paulc4_microservices-demo,27.64,10.94,82,99,176,232,53,67
rayokota_kafka-connect-jsonata,0.0,0.0,167,167,378,378,43,43
svydovets-bobocode_bibernate,83.94,79.65,99,430,138,1010,62,317
ebullient_ttrpg-convert-cli,9.6,5.96,6566,7043,15126,16851,2497,2827
SmileZXLee_z-notify-api,2.87,0.0,1499,1555,863,960,702,758
ZZGADA_Mq-UtilityBillService,0.0,0.0,1238,1238,1087,1087,621,621
abuijze_bike-rental-demo,4.51,0.0,84,91,122,135,74,81
huiyang100_excel-formula-engine,71.07,55.0,9,24,15,45,4,14
Mardoqueu_cibernix-test-backend,66.9,7.14,31,76,0,69,11,55
MichelliBrito_apirest-webflux,3.73,0,20,23,50,53,20,23
perfana_jfr-exporter,0.0,0.0,324,324,930,930,185,185
Col-E_ExtraCollections,9.47,3.12,613,665,876,976,408,457
lkmc2_AwesomeMall,0.0,0.0,785,785,1778,1778,549,549
AgMonk_merge-gf-assets,0.09,0.0,357,358,488,489,148,149
Azure-Samples_spring-openai-bot,21.09,0.0,34,38,68,85,33,37
BoukeNijhuis_test-driven-generation,0.0,0.0,189,189,437,437,122,122
wjup_shorturl,2.22,0.0,40,43,83,86,25,28
devopshydclub_vprofile-project,5.26,2.94,144,165,423,456,110,131
jenkinsci_onepassword-secrets-plugin,2.08,0.0,160,170,354,368,79,89
huangyf2013320506_magic_conch_backend,14.25,0.0,48,58,108,124,42,52
cgobbo8_login.generator,100.0,100.0,0,16,0,45,0,10
kruize_autotune,0.92,0.4,6301,6319,19075,19159,3168,3177
iwamih31_ActualResults,0.25,0.0,629,638,1960,1969,352,361
mohamedtamer0_ImplKafka-SpringBoot-Demo,34.64,0,15,29,30,54,15,29
spullara_interviewcode,98.19,94.19,6,86,5,285,1,43
strimzi_kafka-env-var-config-provider,91.49,0,1,7,2,15,1,7
sorra_TraceSonar,17.84,18.46,247,288,484,594,118,136
peteragility_glusterfs-aws,0.0,0.0,41,41,162,162,32,32
cognitree_flume-elasticsearch-sink,33.22,29.27,77,114,223,341,42,70
rafaeltavares91_caelum-fj27-spring-course,0.0,0.0,288,288,675,675,262,262
520github_fw-risk-engine,87.77,59.78,58,276,62,450,30,230
Cyebukayire_springboot-Backend,57.02,0,9,15,17,32,9,15
FENGYU-008_ERP,4.18,0.0,220,241,610,634,203,224
helloflygit_springboot-quartz,10.77,0.0,177,195,506,567,147,165
Snowflake-Labs_Snowflake-HL7V2-Parsing,0.0,0.0,25,25,122,122,18,18
gurkanucar_entity-encryption,24.58,0.0,55,67,70,110,53,65
SelimHorri_perform-manual-tests,33.7,21.15,52,70,19,32,26,44
hnfaydn_kodlama-io-devs,4.77,0.0,96,103,160,176,84,91
sdaschner_capitalize-titles,85.71,84.62,5,18,10,36,2,5
lmlopezmagana_springboot-rest-jwt,8.93,0.0,451,490,279,346,276,315
proxyee-down-org_pdown-core,54.0,40.27,408,665,708,1468,176,371
Sajantoor_LeetCode-API,11.69,0.0,71,79,233,260,47,55
marcos-dev79_ExchangeRatesConverter,3.92,0.0,32,36,82,86,29,33
DucanEdwards_medicine_sales,1.23,0.0,1382,1411,2831,2871,1261,1290
emirhandogandemir_software-supply-chain-security-java,7.5,0,9,10,15,16,9,10
jfrog_maven-dep-tree,36.67,42.86,25,41,56,98,15,27
MiguelAntonioRS_My-First-API-Spring-Boot,50.75,0.0,13,19,20,38,11,17
lzhpo_logger-spring-boot-starter,67.21,32.0,121,274,41,361,39,174
ctapweb_AutoSubClause,39.34,35.05,172,257,508,839,86,148
bsommerfeld_gutil,8.79,8.62,56,63,157,172,29,34
codingspecialist_Springboot-JPA-Blog,2.0,0.0,505,514,305,309,288,297
TownyAdvanced_CommentedConfiguration,69.87,56.78,48,99,39,168,7,40
arielmorel_billing,38.95,7.5,76,122,106,192,57,102
kalqa_LottoJJR,66.64,60.98,95,275,134,403,74,234
wazooinc_spring-boot-3-todo-application,41.91,45.24,40,76,33,48,23,55
Kyligence_zen-ml-toolkit,36.86,14.7,1947,2663,916,2646,613,1196
LuFeiYo_railway-12306-transfer,8.18,2.46,300,312,286,363,118,129
SonicCloudOrg_sonic-vision-core,0.0,0.0,102,102,449,449,42,42
yuyuanweb_mcp-mianshiya-server,0.0,0.0,584,584,162,162,225,225
MSmirnov2407_Filmorate,33.64,7.95,135,194,357,558,92,150
nejckorasa_s3-stream-unzip,59.65,35.0,82,155,78,317,27,85
mikhaeltatischev_java-filmorate,30.27,6.25,123,173,277,429,107,157
vikash-kumar01_demo-counter-app,29.41,0,2,4,5,8,2,4
eclipse-ee4j_epicyro,15.77,15.89,982,1130,1964,2354,449,529
dmipodd_PolandTaxCalculatorForCryptoTrading,85.91,87.5,13,90,34,269,10,74
sebascastillo89_jwtDemo,21.49,0.0,19,25,58,72,15,21
code4wt_toy-spring,90.97,78.95,26,125,30,310,11,87
fillumina_id-encryptor,86.36,64.93,60,194,87,487,19,121
yanguobin_WMS,3.48,0.82,1081,1091,2775,2825,528,534
lydtechconsulting_kafka-springboot-consume-produce,67.32,15.91,36,79,11,85,14,57
RaisaRS_java-filmorate,45.42,18.75,98,165,212,406,74,141
chocoearly44_JEA,0.0,0.0,184,184,322,322,173,173
afmirandad_CRUDJava,78.67,50.0,11,19,15,71,4,12
eBay_json-comparison,80.7,59.38,34,125,40,240,12,93
MichelliBrito_agendalive,4.31,0.0,31,34,50,53,23,26
LucaolDev_workshop-springboot4-jpa,42.14,1.79,136,171,239,359,108,143
HammadRashid1997_Payment-Management-System,17.88,12.61,279,339,894,1095,171,220
ChinaWim_Hospital,0.33,0.57,1040,1042,2070,2080,948,950
bulinha_residencia-serratec-music-manager-api,16.8,0.0,345,382,690,796,277,314
pedroxcav_OfficeAPI,59.2,82.08,181,342,233,738,162,289
xxd763795151_rocketmq-reput,5.1,0.8,889,943,2157,2265,386,439
hunterzhang86_nocalhost-jrebel-demo,46.15,0,2,4,3,5,2,4
ali-bouali_one-to-one-chat-spring-boot-web-socket,9.51,0.0,160,171,90,113,93,104
danileao_gestao_vagas_rocket,6.1,3.44,470,494,284,312,252,276
callicoder_spring-boot-actuator-demo,62.81,0.0,5,10,12,31,4,9
alexandreroman_news-factory,18.61,0.0,51,71,140,184,40,60
Rijosam_NS-home-display,51.56,69.23,39,85,113,227,32,65
wenqiglantz_customerservice-spring-boot-3,1.87,0.0,164,169,70,77,108,113
Rapter1990_SpringBatchProcessDbToCsv,31.18,0.0,78,100,44,95,43,65
humingzhang_wordfilter,89.56,91.03,9,64,11,160,2,25
conductor-sdk_conductor-examples-saga-pattern,2.45,0.0,341,356,401,421,180,195
ValentinaBuddha_java-filmorate,3.24,6.25,115,126,237,248,100,110
camunda-community-hub_zeebe-simple-monitor,26.78,21.96,797,1064,1908,2772,676,932
kmandalas_spring-boot-yaus,10.42,0.0,57,67,41,53,28,38
professorisidro_isilive_listamercado_back,17.82,10.0,57,73,94,113,47,63
svydovets-bobocode_bring,94.22,94.23,10,187,20,427,4,134
zmilla93_SlimTrade,0.76,0.21,5084,5104,14469,14565,2890,2910
ctkqiang_boss_zhipin_pachong,5.37,0.0,77,89,269,292,40,52
leriaetnasta_OpenAI-Question-Answering-API,0.0,0.0,63,63,62,62,45,45
gabrieldim_PDF-Generator-Spring-Boot,12.37,0,3,6,25,30,3,6
ali-bouali_keycloak-integration-with-spring-boot-3,33.83,0.0,10,15,25,44,7,12
gurkanucar_spring_authorize_checker_annotation,45.89,14.71,59,90,26,91,28,56
SilvanoGPM_spring-boot-jwt-boilerplate,45.69,20.83,258,452,295,561,217,404
maxim04_video-3-spring-resource-server-jwt,29.9,10.26,103,137,110,185,67,98
pankajtandon_vacationplanner,2.83,0.0,540,546,347,373,288,294
talenteddeveloper_Spring-Boot-LDAP-Overview,23.69,0.0,26,36,58,75,25,35
IgarashiAkatuki_bupt-subway,0.0,0.0,808,808,1009,1009,356,356
mgmetehan_ci-cd-github-actions-demo,11.39,0,23,27,19,23,23,27
integrationninjas_springboot-example,22.22,0,2,4,6,8,2,4
eternity-oop_DDD-essence-part2,21.74,6.29,470,592,509,680,314,433
DaZuiZui_VideoDataOffloading,1.66,0.0,161,172,490,501,123,134
sezerdemir7_PostmanCollectionGenerator,2.43,0.0,36,38,91,96,7,9
Blamer-io_bot,37.81,4.65,82,120,17,91,41,77
aliyun_aliyun-pai-featurestore-java-sdk,0.0,0.0,1704,1704,4028,4028,823,823
making_simple-s3-client,12.75,25.0,85,93,237,280,69,77
serezakorotaev_operation-core,0.0,0.0,209,209,182,182,116,116
heartsuit_db2word,2.87,0.0,8,11,63,66,6,9
yx-Yaoxaing_javaredis,10.78,12.12,267,293,707,781,142,159
dsyer_skaffold-devtools-demo,93.27,75.0,16,125,16,238,5,97
mcanatalay_spring-jpa-resource-query,0.0,0.0,18,18,31,31,12,12
Naman-Bhalla_productServiceTTSevening,0.0,0.0,217,217,297,297,211,211
yoandypv_spring-boot-clean-architecture,11.47,0.0,78,87,45,65,39,48
blpercha_umls-to-graph,57.66,44.79,273,486,784,1682,113,243
folksdev_open-weather,73.04,30.77,28,81,39,158,16,68
flben233_OsuToMalodyServer,10.8,0.0,195,217,467,531,125,147
MottoX_SkipList,85.88,69.72,48,150,33,212,10,79
luke-goddard_LFI-Fuzzer-Burp-Suite,0.0,0.0,198,198,678,678,110,110
LevyVianna_bootcamp-apis-dynamoDB,17.4,0.0,32,44,73,93,23,35
Victor-Borisov_java-filmorate,44.78,6.15,245,389,122,332,126,267
Tosan_oras-maven-plugin,6.74,3.57,76,85,208,224,35,43
ntub46010_SpringBootTutorial,0.0,0.0,69,69,144,144,62,62
Intention-man_vk-selection-task,70.9,48.18,85,208,36,281,49,153
danvega_code-structure,50.0,0,6,12,8,22,6,12
Ateto1204_Final4j,8.2,2.78,91,102,225,253,73,84
nirzaf_demospringboot,28.33,0,7,11,13,19,7,11
rocketseat-education_nlw-unite-java,7.11,0.0,79,89,128,138,76,86
PeterMen_elasticsearch-analysis-ik,0.0,0.0,603,603,1244,1244,235,235
pavelbogomolenko_keycloak-custom-password-hash,97.28,61.0,43,78,47,239,9,28
KaGty1_SSRF_Detector,1.08,1.52,944,954,1931,1967,615,623
kymotz_mdkiller,85.87,69.8,76,216,56,356,12,81
LChumi_CrudArchivosTxt,3.36,0.31,1081,1136,1159,1242,590,644
rodrigorahman_spring-boot-com-mysql,8.17,0.0,34,38,80,89,27,31
devsuperior_aulao005,46.65,0.0,33,44,60,96,19,30
flufster4_Java-Expression-Parser,80.59,72.9,32,96,42,243,5,36
Java-Techie-jt_spring-reactive-mongo-crud,29.36,17.31,55,75,31,46,29,49
WEG-Technology_find-by-data-test-id,100.0,100.0,0,6,0,13,0,5
dadiyang_dataprocessor,57.5,48.95,131,230,270,587,62,135
danvega_spring-security-social-login,83.93,0,3,8,4,16,3,8
binghe001_mykit-holiday,90.48,50.42,153,274,66,393,25,94
springframeworkguru_spring5-di-demo,37.5,0,1,2,2,3,1,2
nivance_StockSpider,0.25,0.24,2258,2262,4462,4473,1440,1442
Sonal0409_DevOps-Capstone-Project,52.0,0,2,5,5,10,2,5
nielsutrecht_kafka-serializer-example,44.14,24.44,42,73,87,167,17,48
archie-swif_webflux-mdc,15.34,0.0,18,23,40,49,17,22
innoq_cookie-based-session-springboot-app,69.58,64.71,31,76,61,194,21,59
danvega_jpa-security,49.39,0,38,56,58,101,38,56
SaiUpadhyayula_contact-manager,69.14,50.0,11,23,14,45,4,16
lenve_generate_code,5.71,0.0,63,67,155,164,55,59
blipzip_cve-2022-31692,87.91,0,4,10,5,23,4,10
luongquoctay87_tayjava-sample-code,37.5,0,1,2,2,3,1,2
kriscfoster_spring-boot-testing-pyramid,83.87,0,1,6,2,9,1,6
ddezoysa_keycloak-springboot-microservice,73.44,0,5,12,6,21,5,12
ztelur_consistent-hash-algorithm,15.55,14.56,78,97,330,393,30,42
mah-shamim_industry-grade-project-ii,100.0,0,0,12,0,18,0,12
shawnxie94_java-call-graph-diff,55.08,24.32,174,280,98,420,41,132
alek-sys_spring-functional-microframework,71.59,50.0,5,12,9,24,2,9
simplyi_PhotoAppApiAlbums,7.29,0.0,26,29,56,60,24,27
welk1n_ReverseShell-Java,50.0,0,8,18,20,43,8,18
mengziin_ChatGPT-on-Wechat-Business,1.53,0.0,135,142,401,408,97,104
raviyasas_springboot-gcs-demo,3.43,0.0,143,152,115,124,66,75
jmazzitelli_prometheus-scraper,56.93,54.74,150,351,313,869,39,158
TheKingOfDuck_JNDI-Injection-Exploit,0.0,0.0,119,119,533,533,60,60
e92Edvin_payment-gateway,19.61,0.0,24,31,28,35,21,28
holyliao_DataPermissionHelper,33.19,30.88,115,146,200,288,86,112
bezkoder_spring-boot-swagger-3-example,19.86,0.0,41,47,80,104,30,36
ksenji_kafka-connect-es,0.0,0.0,124,124,396,396,80,80
juandesi_email4j,56.23,49.21,134,256,241,583,88,193
imphilippesimo_springboot-graphql-error-handling,67.64,52.78,32,63,34,95,19,45
lexburner_consistent-hash-algorithm,15.52,53.33,32,52,91,145,25,37
SaiUpadhyayula_java-sftpserver,76.39,0.0,4,8,2,17,2,6
IdeaUJetBrains_idea-demo-devcontainers,37.5,0,1,2,2,3,1,2
martinachov_hexagonal-architecture-ddd-springboot,12.53,0.0,68,79,54,65,67,78
jcustenborder_kafka-config-provider-aws,77.78,43.33,15,27,16,95,2,12
algorithm-tools_CausalAnalysis,62.07,45.53,162,309,280,749,82,186
Pitayafruits_springboot-dify-api,6.12,0,6,9,37,40,6,9
hedza06_jpa-cursor-based-pagination,4.38,0.0,64,68,56,62,39,43
7ekko_minio-multipart-spring,3.37,0.0,487,510,644,681,230,253
stephanj_GitHubMCP,0.0,0.0,293,293,964,964,43,43
bezkoder_spring-boot-datajpatest,73.68,0,2,12,3,21,2,12
giuliana-bezerra_aulao-spring-security,46.85,0,5,11,9,23,5,11
juancondorijara_testing-junit,88.89,75.0,2,9,3,14,1,7
Ervinse_ShoppingMallApplicationBackendService,4.15,0.0,98,110,89,101,52,64
jreijn_demo-micrometer-prometheus-grafana,16.67,0,5,7,10,12,5,7
FaustXVI_functional-programming-introduction,100.0,0,0,12,0,10,0,12
dolphina02_redisForZset,8.89,0.0,106,117,95,119,57,68
jd1_spring-boot-axon,0.0,0.0,38,38,86,86,34,34
cocolian_cocolian-nlp,63.43,55.85,337,711,620,1746,129,336
hdeiner_SOLID,99.81,93.33,2,154,2,430,0,139
Lcry_java-png-compress-util,70.21,40.91,29,47,37,113,7,25
matthiaszimmermann_EGM96,81.11,76.14,41,132,58,290,8,44
leonchen83_ddl-parser,0.0,0.0,819,819,2132,2132,138,138
gleiceellen_jwt-simplificado,10.02,0.0,65,73,132,152,61,69
Userchenentao5_sqlfather,3.89,0.23,1804,1869,1563,1681,718,783
codeforgeyt_jpa-paging-sorting-filtering,8.81,0.0,33,38,72,86,30,35
CodePlato3721_shiro-redis-spring-boot-tutorial,14.69,0.0,20,28,44,54,17,25
template-repository_maven-template-repository,21.43,0,1,2,2,3,1,2
EZLippi_isolation-threadpool,65.96,37.31,173,315,247,629,108,248
sparebank1utvikling_turbo-maven-plugin,62.28,50.0,31,74,77,227,12,45
lvr1997_kd-shop-fast,2.87,0.22,806,838,2182,2236,580,612
giuliana-bezerra_spring-boot-cleanarch,26.19,0,21,32,35,54,21,32
springframeworkguru_sdjpa-intro,37.5,0,1,2,2,3,1,2
jsantos-examples_flexpag-desafio-backend,37.5,0,1,2,2,3,1,2
keith0591_pgp-encryption,76.67,56.25,35,61,20,116,15,37
CleilsonAndrade_game-list-api,6.88,0.0,130,141,245,259,95,106
Bai-BaiBai_ns_hospital,8.54,0.0,140,156,241,268,119,135
TheKingOfDuck_FileDownloadServer,3.19,0.0,19,22,76,79,4,7
FFFamily_knowledge_box,0.34,0.0,1716,1722,537,550,811,817
ProgrammerZamanNow_belajar-spring-webmvc,40.55,6.67,135,241,19,164,36,136
MikeAScott_spring-todo-list,4.01,0.0,31,35,72,76,30,34
Rapter1990_jpaspecification,20.6,3.36,147,180,94,139,88,119
kyungseo_project-web-starter,15.76,1.04,2519,2759,4746,5602,1598,1835
bezkoder_mongodb-reactive-spring-boot,5.14,0.0,30,33,44,47,28,31
alastbing_covid-19,1.03,0.0,67,70,225,228,30,33
shibing624_case-analysis,77.51,75.0,3,16,8,39,0,10
jAngBridge_ts-parser,29.87,11.98,7056,7900,12615,16371,4510,5167
chanjarster_prometheus-mock-data,65.27,70.0,8,15,18,46,6,10
eiidoubleyuwes_odin-cli,0.0,0.0,448,448,1492,1492,221,221
bezkoder_spring-boot-upload-multiple-files,12.66,0.0,22,29,59,72,19,26
Contrast-Security-OSS_mcp-contrast,14.76,11.5,909,931,1700,1827,819,831
hkhcoder_vprofile-action,5.26,2.94,144,165,423,456,110,131
sfmohassel_spring-boot-mongodb-docker-compose-starter,19.44,0.0,16,20,28,36,14,18
jochenchrist_spring-boot-access-logs-demo,72.34,0,2,8,4,14,2,8
elModo7_WakeOnLAN-Web-API,14.97,0.0,252,276,244,304,118,142
qixiaojian310_JavaFXCalculator,15.49,32.28,123,148,387,470,69,82
pursecookie_java-filmorate,14.42,2.94,117,146,217,286,100,129
deepakkasera_ProductServiceMorningBatch,0.0,0.0,219,219,227,227,190,190
yangbuyiya_tencent-send-article-mcp-server,0.0,0.0,52,52,259,259,28,28
KhaledSaiidi_Procurement-Invoice-Generator-System-DevOps,0.65,0.0,272,273,372,377,266,267
SumitM01_CI-CD-for-Docker-Kubernetes-using-Jenkins,5.26,2.94,144,165,423,456,110,131
adpe_springboot-amazon-aws-s3-example-with-localstack,12.55,0.0,41,48,128,143,29,36
springframeworkguru_sfg-restdocs-example,42.76,3.41,86,139,35,95,42,95
MykolaMurza_chatullo,0.0,0.0,161,161,405,405,43,43
efipay_sdk-java-apis-efi,24.92,12.1,83,115,269,373,25,52
Java-Techie-jt_kafka-producer-example,15.85,0.0,39,47,36,48,20,28
mydeveloperplanet_mydockerbestpracticesplanet,25.0,0.0,4,7,9,12,3,6
Gustanol_games_api,2.92,0.0,114,121,217,226,97,104
kucw_springboot-library,2.82,0.0,46,50,112,116,43,47
KhushPatibandha_RiceDB,3.78,0.78,218,228,619,644,90,99
jivimberg_hexagonal-architecture,45.64,0.0,10,20,24,49,8,18
xuanbo_dag-executor,80.04,70.0,18,49,30,129,8,29
geekcap-pluralsight_reviewservice,76.07,0,10,45,27,115,10,45
aws-samples_apache-flink-near-online-data-enrichment-patterns,0.0,0.0,81,81,324,324,74,74
ali-bouali_aws-deploy-demo,21.43,0,2,4,4,6,2,4
giuliana-bezerra_messaging-springboot,38.46,0,4,8,8,14,4,8
bcrjl_rss-reader,0.0,0.0,85,85,288,288,58,58
sumantrana_SpringGatewayCustomFilter,86.58,56.25,11,57,28,168,4,49
shabbirdwd53_springboot-mongodb,2.63,0.0,140,147,96,107,76,83
Ding-Jiaxiong_lzuoj_code_sandbox,0.69,0.0,262,269,581,588,155,162
danvega_rest-client,18.45,0,13,17,35,49,13,17
membrane_spring-boot-vertical-slice-architecture,78.93,75.0,12,54,20,110,11,52
Fernanda-Kipper_ai-assistant-java,3.37,0.0,18,20,54,56,17,19
bezkoder_spring-boot-image-upload,8.33,0.0,25,31,70,80,20,26
StarRocks_SQLTransformer,27.81,15.66,6978,8012,9745,13002,3506,4280
jcasbin_jcasbin-menu-permission,78.76,79.69,21,85,33,167,10,53
cavanosa_oauth2-authorization-server,91.3,0,2,17,4,49,2,17
520github_fw-parallel-task,70.15,73.08,47,153,77,265,35,127
bezkoder_spring-boot-r2dbc-h2-example,15.84,0.0,30,34,44,51,28,32
MinusD_SpringSecurity,16.71,0.0,127,145,114,144,84,102
apolloconfig_apollo-qa-bot,16.92,13.21,143,171,523,625,94,118
oclkstudio_jms,12.78,0,18,25,36,43,18,25
devsuperior_desafio-consulta-vendas,11.11,0,32,37,59,67,32,37
jplanes_java-lambda-validations,84.06,72.73,15,61,7,64,5,39
rocketseat-education_evento-java,2.29,0.0,114,121,84,91,44,51
danileao_todolist_rocket,2.3,0.0,114,121,86,93,44,51
xcbeyond_ConferenceTrackManagement,14.07,17.5,61,74,147,169,44,54
alura-es-cursos_2112-GPT-y-Java-integra-una-aplicacion-con-OpenAI,40.0,0,2,4,7,11,2,4
lowes_mm2-lag-exporter,39.44,15.44,313,440,174,498,129,236
giuliana-bezerra_file-storage-api,20.83,0.0,5,10,29,38,4,9
luismarquez96c_spring-security-jwt-course,24.44,0.0,54,76,118,154,49,71
raviyasas_chatgpt-service,2.11,0.0,124,128,36,40,56,60
jeroenbellen_quartz-example,84.0,0,3,13,5,25,3,13
yilmazgokhan_Spring-Boot-Base-Architecture,16.54,0.0,66,75,105,133,59,68
shenmejianghu_bili-downloader,2.81,0.0,64,69,239,247,42,47
wsliliang_sse-springboot-demo,6.38,0.0,5,7,21,23,2,4
ahmedtiba1993_payment-flouci-tunisia,3.36,0.0,52,55,59,63,29,32
kazuki43zoo_mybatis-native-demo,21.84,14.58,37,55,68,103,15,31
mogronalol_spring-data-overview-pluralsight,53.49,0,3,14,5,24,3,14
jzheaux_spring-security-oauth2-authorization-server,25.64,0.0,51,73,173,237,32,54
hkakutalua_spring-patch-updates,27.49,12.5,51,58,98,133,35,42
LeatonLee_order-state-machine,29.89,0,36,51,46,75,36,51
Java-Techie-jt_springboot-chatgpt,4.11,0.0,77,81,29,35,40,44
liuhongdi_apiversion,36.36,12.5,18,31,26,42,11,23
codewithzosh_zosh-social-youtube,4.81,0.0,24,27,54,57,21,24
bezkoder_spring-boot-webflux-example,15.84,0.0,30,34,44,51,28,32
liuhongdi_ratelimiter,11.26,0.0,45,54,118,134,41,50
arjungautam1_AWS_Image_Upload,0.0,0.0,47,47,112,112,38,38
bezkoder_spring-boot-custom-validation,7.03,0.0,20,23,30,33,18,21
ilxqx_spring-security-leaning-demo,0.0,0.0,93,93,200,200,72,72
17Yuns_Translate_Api_Free,10.79,4.72,95,118,427,494,42,65
devsuperior_spring-boot-gmail,9.23,0,17,21,39,43,17,21
kawasima_immutable-datamodel-example,86.49,21.43,13,49,9,73,6,42
StevenBuglione_spring-boot-2-snakeyaml2-upgrade,87.47,61.76,13,42,11,76,2,25
devsuperior_aula-20210511,51.57,0,14,21,27,44,14,21
danvega_ssc,85.29,0,5,19,6,42,5,19
Java-Techie-jt_spring-batch-file-upload,0.0,0.0,90,90,93,93,52,52
walterroseroec_mi-primer-api-rest,1.14,0.0,134,138,122,126,74,78
amigoscode_springboot-twilio,44.9,0.0,11,24,26,55,10,23
BrkSe_spring-security-jwt-example,11.4,0.0,154,169,83,116,91,106
mohamedYoussfi_micro-service-client-soap-rest-graphql-grpc,0.95,0.0,936,946,1935,1954,620,630
FIAP_POSTECH_SOAT_DevOps_Desafio_Disciplina,100.0,100.0,0,9,0,26,0,7
Dddddduo_AiDduo-chatgpt-backend,43.48,0,2,4,6,11,2,4
test-driven-development_kent-beck-money-example,100.0,0,0,1,0,2,0,1
ThomasJay_SpringBoot-OpenAI-Assistant,0.82,0.0,173,178,296,301,75,80
alprogor_swagger-demo,22.22,0.0,20,26,32,48,19,25
asecurityguru_devsecops-gitlab-java-vulnerable-application,1.94,0.0,46,51,202,207,34,39
Fernanda-Kipper_spring-hello-world-docker,61.54,0,1,4,2,5,1,4
kale1st_Keycloak_Spring_Boot_Application,39.25,0.0,29,41,23,40,14,26
pankajmutha14_git-docker-example,37.5,0,2,4,4,6,2,4
ashokitschool_contact_backend_app,8.28,0.0,46,52,29,39,23,29
amigoscode_spring-boot,76.3,50.0,3,17,7,34,2,15
danvega_scf-17,29.41,0,2,4,2,4,2,4
traiana_kafka-spiffe-principal,79.28,75.0,3,13,10,35,0,7
ahmetuygun_xa-demo,10.67,0.0,555,593,454,588,313,351
TechPrimers_ratelimiter-example,29.41,0,2,4,2,4,2,4
sahrul6121_boiler-plate-spring-boot,18.39,0.0,134,162,210,276,128,156
soujava_bulletproof,76.57,45.65,31,74,38,143,13,51
HackyleShawe_RemoteLogViewer,0.0,0.0,93,93,239,239,62,62
sdeleuze_demo-profile-aot,54.84,0,4,8,4,7,4,8
kawasima_savanna-maven-plugin,31.85,0.0,14,18,23,33,7,11
qureshii_springboot-dataweave,7.25,0,5,8,26,29,5,8
Season0518_ParkingSystem,0.0,0.0,959,959,595,595,430,430
rmondejar_spring-boot-junit5-example,70.47,38.71,71,197,7,124,15,135
liangzaiz666_vul-app,4.77,0.0,309,333,600,640,145,169
ani1100_MovieTicketBooking,26.56,15.38,72,81,165,194,59,68
please-openit_keycloak-native-metrics,87.91,78.57,14,34,13,68,8,20
raffoulRicardo_movimento-qa-2023,2.24,0.0,81,84,38,43,39,42
FIAP_POSTECH_JAVA_PROGRAMACAO_REATIVA,48.23,0.0,14,18,27,43,12,16
Sevenflanks_JCConf-2022-freestyle-spring-data-jpa,33.75,1.61,118,182,29,84,56,120
lealceldeiro_springboot-multitenant-hibernate,68.28,10.0,11,36,14,52,6,31
devsuperior_jpa-queries1,21.67,0,26,33,38,46,26,33
Floppir_auth,15.39,0.0,131,156,273,314,115,140
PedrooSilvaa_validate-password,9.92,0.0,17,20,30,35,10,13
PedrooSilvaa_challenge-loans,13.01,3.33,36,41,47,60,21,26
folksdev_spring-boot-graphql,24.97,0.0,90,132,33,75,36,78
Jpmmdf_leader-election-spring,28.81,25.0,10,19,22,39,6,15
Fernanda-Kipper_pass-in,7.11,0.0,79,89,123,133,76,86
DenisVerkhovsky_SonarQubeDockerDemo,8.08,0.0,12,14,28,30,11,13
yoandypv_spring-boot-rabbit-mq,31.43,0,10,19,23,32,10,19
VKravchenk0_SO-Spring-authorization-server-demo,80.58,0.0,9,25,16,62,7,23
marciomichelluzzi_ravin-java,1.4,0.0,269,275,958,972,232,238
bigfish49_llm-spring-boot-starter,0.0,0.0,291,291,387,387,258,258
Java-Techie-jt_aws-lambda-example,12.79,0.0,41,49,39,53,28,36
mohamedYoussfi_kafka-spring-cloud-stream,16.94,4.17,72,92,103,130,48,68
oldfr_authentication-server,7.14,0,8,10,26,28,8,10
miniguiti_conexao-api-externa-spring-boot,7.16,0.0,51,58,110,118,49,56
AUEB-BALab_jmcqg,33.86,14.67,59,83,230,326,20,42
shabbirdwd53_graphql-demo,95.02,87.5,3,25,3,47,2,21
Java-Techie-jt_orderFulfillmentService-async,10.4,0.0,57,67,45,61,38,48
fatihhernn_spring-boot-ecommerce,14.36,1.82,107,117,25,53,53,62
EnggAdda_SpringReactiveCRUD,2.65,0.0,35,37,18,20,20,22
matheuslf_spring-boot-picpay-backend,8.4,0.0,59,71,81,94,56,68
Java-Techie-jt_reactive-exception-handling,14.5,0.0,38,48,39,55,27,37
mohamedYoussfi_springboot3-oauth2-keycloak-customer-service,44.81,0.0,21,35,19,40,20,34
yoandypv_springboot3-swagger-springdoc,75.0,0,4,8,5,15,4,8
java-xdo_java-poi,1.22,0.0,42,44,127,129,18,20
yoandypv_spring-boot-rest-client,4.19,0.0,193,203,61,83,85,95
JunaidKhan44_springboot-services-locator-factory-bean,30.3,0,13,21,25,35,13,21
JavaGraduationProject_CommunityPropertyManagementSystem2,0.3,0.0,5761,5797,12306,12354,2659,2695
Pandeycoder_spring_file_reading_app,6.12,0.0,12,15,43,46,11,14
GSMgeeth_medium-coffeeshop-sample,25.74,0.0,72,87,144,208,57,72
savra_ssewebmvc,61.48,0,6,12,13,33,6,12
amilairoshan_SpringBoot-MySql-With-Docker-Compose,0.0,0,12,12,19,19,12,12
nantaaditya_circuit-breaker-example,45.26,0.0,33,62,18,57,20,49
JavaGraduationProject_LogisticsInformationManagementSystem,0.93,0.0,2832,2864,5714,5777,2592,2624
devdojobr_dominando-spring-boot,37.5,0,1,2,2,3,1,2
yesorno01_studentera,1.53,0.0,35,38,115,118,14,17
JavaGraduationProject_NucleicAcidDetectionManagementSystem,0.0,0.0,1044,1044,2705,2705,622,622
jianhong-li_LockFreeRingBuffer,60.78,76.67,6,24,12,59,0,9
BigAlRender_spring-boot-example,30.0,0,2,3,3,4,2,3
odrotbohm_shop-modulith,60.21,0.0,65,117,10,74,41,93
wangsilingwsl_model-integrate,1.78,0.0,412,424,303,322,193,205
P0wfuu_rasp-bypass-benchmark,5.04,5.56,63,81,301,327,34,52
PedrooSilvaa_spring-test,14.29,0,10,12,14,16,10,12
iamabhiCH_CRUD-RestAPI,35.95,0.0,29,34,43,60,26,31
IshimweJoliePrincesse_Springboot-Java,1.2,0.0,40,41,93,94,38,39
ashrawan_apache-poi-chart-sample,19.92,8.99,487,597,1217,1586,182,283
bezkoder_spring-boot-validate-request-body,7.56,0,24,27,37,40,24,27
ShierOJSystem_shieroj-code-sandbox,1.0,0.0,202,209,324,331,106,113
wzf0125_vi-backend,0.0,0.0,1057,1057,1288,1288,590,590
engindemirog_api.gateway,37.5,0,1,2,2,3,1,2
bayrameker_java-ai,75.08,100.0,7,17,20,67,7,14
abhilashgowda23_BASIC-REST-API,5.61,0,15,17,16,18,15,17
DinithaSanthupa_MT103,7.0,0,1,3,20,22,1,3
EduardoPena_fdcd,0.0,0.0,1909,1909,4874,4874,920,920
Riwi-Meta_LOCAL_STORAGE_BACKEND,37.5,0,1,2,2,3,1,2
victor-onu_jwt-demo,30.86,0.0,18,36,67,92,12,30
himash79_Spring-boot-Devops-Pipeline,38.89,0,2,3,4,6,2,3
ShiinaKin_Ts3AudioBotImportPlaylists,0.0,0.0,160,160,174,174,75,75
yeerrrr_Diary2,2.54,0.0,403,419,1099,1128,258,274
amaialth_mfaserver,11.8,0.0,271,297,197,265,136,162
gniadeck_random-javadoc,19.37,0.0,20,32,51,63,16,28
djvelimir_demo-java-spring-boot,31.67,0.0,10,15,20,41,9,14
UnProgramadorNaceOfficial_spring-boot-mail-sender,18.64,0,21,26,51,66,21,26
francoiducat_springboot-minimal-graphql-client,11.11,0,19,23,35,41,19,23
JavaGraduationProject_StudentStatusManagementSystem,0.0,0.0,548,548,1086,1086,431,431
Stilisky_Be_GestStock,4.31,0.0,115,123,69,80,63,71
ranjankumarmandal_Hotel-Management-Web-App-Backend-Services-with-Java-Spring-Boot-and-Hibernate,0.0,0.0,106,106,211,211,98,98
Static-Flow_UUIDHunter,0.0,0.0,66,66,196,196,45,45
NoelToy_fuzzy-word-matcher,0.0,0.0,37,37,82,82,23,23
aws-samples_genai-test-automation,0.0,0.0,262,262,1013,1013,170,170
luoqianyi_dingTalk_campus-recruitment,1.78,0.0,247,253,219,226,103,109
xiangfangsong_Java_springboot_demo,5.06,0.0,29,32,53,56,27,30
KarthikKavinA_fabric-idemix-identity-demo,0.68,0.0,59,61,265,268,51,53
miguelfermo_N2-BackEnd,16.79,0.0,10,14,27,36,7,11
Acorn2_orm-generator,0.31,0.29,1140,1142,1781,1790,598,600
danvega_rewrite,35.26,27.27,18,23,20,35,8,12
giuliana-bezerra_tutorial-graphql-springboot,16.54,0,12,16,19,25,12,16
Mardoqueu_product-service,37.5,0,1,2,2,3,1,2
SelimHorri_embedded-mongo-playing-with-spring-boot,3.06,0.0,88,91,61,64,54,57
asecurityguru_devsecops-azure-devops-owasp-zap-integration-repo,5.71,7.69,46,54,202,212,34,41
oldfr_eureka_service_registry,37.5,0,1,2,2,3,1,2
sundharamurali_elasticsearch-springboot,9.03,0.0,112,125,113,129,73,86
LECYWZA_gb28181_client,0.0,0.0,2924,2924,2298,2298,1162,1162
Phone-Khaing-Hein_movie,1.61,0.0,394,411,373,390,179,196
JunaidKhan44_Conditional-Interface-Spring-Boot,58.97,0,3,9,4,11,3,9
bezkoder_spring-boot-graphql-example,17.5,0.0,30,37,61,82,27,34
fadykuzman_swagger-demo,36.21,0.0,19,24,23,33,14,19
javashub_springboot-word-finger,0.94,0.0,12,13,79,80,10,11
lipeacelino_spring-boot-jwt-security,21.44,0.0,57,71,91,119,53,67
211220156_RogueLike-SoulKnight,55.89,45.01,290,500,595,1248,81,221
luismr_kafka-springboot-blueprint,31.58,21.43,25,40,62,97,18,33
Java-Techie-jt_kafka-consumer-example,22.45,0.0,31,37,9,23,15,21
Pastidio0924_smartpark,26.65,7.45,92,125,71,141,46,78
infinitely0_htmx-spring-boot-template,24.38,0.0,49,70,53,78,22,43
himash79_Spring-boot-with-Jenkins-intergration,68.75,0,1,4,2,6,1,4
oldfr_first_microservice,6.9,0,11,13,22,24,11,13
nimeshdkumarawansha_springboot-demo,37.5,0,1,2,2,3,1,2
Eukolos_spring-file-upload,15.26,0.0,18,25,48,61,16,23
oldfr_second_microservice,6.45,0,12,14,24,26,12,14
hipshot-java_hipshot,0.0,0.0,270,270,412,412,164,164
Cpino1997_HtmlToPDF,49.37,30.77,11,19,35,69,4,12
DamiAdeeso_Contacts,80.74,0,6,38,13,66,6,38
tencentmusic_ClickHouse-SQL-Rewriter,27.81,15.66,6978,8012,9745,13002,3506,4280
GARCHENG_mcp-server-jina-java,0.0,0.0,11,11,36,36,9,9
Evandrolds_Rastrear-IP,0.93,0.0,144,147,44,47,56,59
namtruongto_Export-data-to-Excel-template,2.74,0.0,135,144,144,153,61,70
DaZuiZui_yanglegeyang,1.48,0.0,13,14,53,54,12,13
programando-en-java_votacion-velada-ano-2024,69.51,0,3,7,7,15,3,7
LeangHuy_MapStruct_Spring,8.84,0.0,71,79,26,39,40,48
Rapter1990_selenium,37.5,0,1,2,2,3,1,2
SergioGTF_Java-Spring-Boot,15.0,0,9,11,14,16,9,11
JavaGraduationProject_InventoryManagementSystem2,0.19,0.0,1124,1130,743,749,542,548
egor001_jacocoToCobertura-maven-plugin,86.13,90.62,5,46,27,184,2,30
zu-ke_zuke_fakawang_pub,7.87,1.76,388,427,544,614,161,200
sunsetsouol_IdWorker,73.43,36.36,18,35,30,86,8,24
TradeMatcher_match-engine,23.18,19.37,956,1177,968,1577,491,615
wpstan_CustomZuulRibbon,8.26,0.0,43,51,108,121,34,42
maxiaolin3366_SQLAdvisor-web,7.29,0.0,54,60,28,43,21,27
Cdiscount_solr-autocomplete,75.28,54.17,302,608,325,1385,58,260
dustinschultz_todo-app,21.59,0,23,30,43,58,23,30
daimao0_file-transfer,2.12,0.0,64,67,79,84,29,32
Java-Techie-jt_custom-validation,2.87,0.0,55,59,23,27,27,31
AndreaGrandieri_ing-sw-2024-codex-naturalis,20.31,15.82,2811,3188,7132,8276,1818,2052
smadil997_spring-netty-socketio-seed,35.34,0.0,34,45,21,47,19,30
navinreddy20_ProjectSpringWeb,4.47,0.0,45,48,34,38,24,27
123NoName123_-RabbitMq-Redis-SpringSession-,0.0,0.0,594,594,1046,1046,405,405
berkinozturk_shopping-cart-API,62.87,50.0,66,161,115,336,37,118
kodedge-swapneel_springboot-aws-deploy,40.0,0,3,5,4,6,3,5
Java-Techie-jt_springboot-mongo-atlas,2.47,0.0,48,51,31,34,31,34
ThirdGoddess_aliPay,1.64,0.0,30,32,116,119,14,16
smartup-tech_Time-Tracker,26.04,11.16,2634,3403,1673,2997,1270,1925
instaclustr_instaclustr-minotaur,41.41,45.35,73,104,122,235,41,61
bayrameker_apache-kafka-spring,39.47,0,4,8,8,14,4,8
ahmetuygun_VisaApplication,8.48,0.0,555,587,454,559,313,345
Java-Techie-jt_springboot-docker-ecs,14.29,0,3,4,4,5,3,4
Jivkomg_dto-validation-demo,27.91,0.0,77,111,166,257,49,83
Wildrimak_ambiente-desenvolvimento-docker-com-spring,33.33,0,2,4,5,7,2,4
awslabs_real-time-vectorization-of-streaming-data,28.3,21.25,273,341,594,820,109,162
momir96_Web-Shop-Moxilla,38.45,0.0,110,168,235,423,76,134
Fiarr4ikDev_AuditLib,12.13,0.0,23,24,66,68,16,17
RameshMF_spring-data-rest-tutorial,38.3,0.0,31,41,7,43,15,25
jsalonl_interceptor-springboot,93.63,75.0,6,102,0,112,4,98
creativityFactory_SwiftServe,0.0,0.0,302,302,819,819,161,161
lpdecastro_ecommerce-manager,3.97,0.0,1778,1827,784,870,861,910
NgSao_paymentonline,4.56,0.0,79,93,395,419,45,59
hartig_SPARQL-CDT-Tools,36.15,37.1,36,52,93,156,12,21
GRB-Workspace_Docker-Intro,46.15,0,2,4,3,5,2,4
anasmnasri2023_PipelineDevops,0.0,0.0,44,44,77,77,42,42
alexandreroman_dallecool,75.17,50.0,7,31,18,61,5,29
GoogleCloudPlatform_google-chat-notification,0.0,0.0,12,12,45,45,7,7
matera-pauros_Conta_Service,19.04,8.33,32,41,128,165,26,35
wenqiglantz_sample-spring-boot-starter,100.0,0,0,6,0,7,0,6
gusijin_spring-boot-myBatisPlus,3.77,0.0,32,35,22,25,17,20
giuliana-bezerra_introducao-testes-automatizados,75.0,100.0,4,10,5,16,4,9
danileao_frontend_gestao_vagas,5.81,0.0,124,134,94,109,58,68
YangNaner_reggie_take_out,3.3,0.0,1106,1159,797,877,441,494
naosense_markdown-preview-sync,1.71,0.0,148,150,413,421,75,77
rchukh_trino-querylog,32.2,20.0,10,15,16,29,5,10
